<?xml version = '1.0' encoding = 'UTF-8'?>
<Diagram class="oracle.dbtools.crest.swingui.relational.DPVRelational" name="Relational_1" id="F2650130-9243-512A-304C-BD2DF7097F08">
<createdBy>J.D.</createdBy>
<modifiedBy>J.D.</modifiedBy>
<createdTime>2019-02-12 01:13:44 UTC</createdTime>
<autoRoute>false</autoRoute>
<boxInbox>true</boxInbox>
<showLegend>false</showLegend>
<showLabels>false</showLabels>
<showRelAttributes>false</showRelAttributes>
<gridEnabled>false</gridEnabled>
<showGrid>false</showGrid>
<diagramColor>-1</diagramColor>
<display>false</display>
<notation>1</notation>
<objectViews>
<OView class="oracle.dbtools.crest.swingui.relational.TVTable" oid="00062954-B4C2-B6EE-D0BC-8FE2B0CA723E" otype="Table" vid="F999AFEA-4AE0-2A59-DFF4-10A3639A2B9F">
<hideElementsInCurrentOnly>false</hideElementsInCurrentOnly>
<bounds x="306" y="477" width="237" height="161"/>
</OView>
<OView class="oracle.dbtools.crest.swingui.relational.TVTable" oid="04E54407-554C-9CDD-B0D3-288D040838E8" otype="Table" vid="E3FC1A04-FDFD-4C11-51F2-6C121C8FA908">
<hideElementsInCurrentOnly>false</hideElementsInCurrentOnly>
<bounds x="1153" y="890" width="230" height="197"/>
</OView>
<OView class="oracle.dbtools.crest.swingui.relational.TVTable" oid="09A35DA7-A412-173E-8F4A-61BC2C1EF3ED" otype="Table" vid="90935D06-5229-994E-0822-72FB5224593D">
<hideElementsInCurrentOnly>false</hideElementsInCurrentOnly>
<bounds x="1575" y="625" width="216" height="95"/>
</OView>
<OView class="oracle.dbtools.crest.swingui.relational.TVTable" oid="13448812-CDF4-1F79-478E-2F071C557EE3" otype="Table" vid="352C9C1D-8F49-F017-1797-924B1C345BAB">
<hideElementsInCurrentOnly>false</hideElementsInCurrentOnly>
<bounds x="395" y="77" width="268" height="104"/>
</OView>
<OView class="oracle.dbtools.crest.swingui.relational.TVTable" oid="15D0131D-A9D7-E351-8F45-13A927509E51" otype="Table" vid="CB97EB16-23B2-21EA-0396-44C78C8747B5">
<hideElementsInCurrentOnly>false</hideElementsInCurrentOnly>
<bounds x="683" y="1311" width="263" height="112"/>
</OView>
<OView class="oracle.dbtools.crest.swingui.TVNote" oid="264DF426-612C-F3AB-4EDC-FC7B424C5652" otype="Note" vid="C2CC7395-083E-1A68-5C73-8FE748092551">
<hideElementsInCurrentOnly>false</hideElementsInCurrentOnly>
<bounds x="1537" y="1108" width="211" height="47"/>
<comment>SON PAGINAS QUE PINTEREST NO PERMITE COMPARTIR POR SU CONTENIDO</comment>
</OView>
<OView class="oracle.dbtools.crest.swingui.relational.TVTable" oid="3444D655-93AB-5BFC-295D-A34A769B8443" otype="Table" vid="F2FE0740-0AEA-DC77-0AE1-5F553F8FDF1C">
<hideElementsInCurrentOnly>false</hideElementsInCurrentOnly>
<bounds x="73" y="302" width="225" height="110"/>
</OView>
<OView class="oracle.dbtools.crest.swingui.relational.TVTable" oid="3F792096-EFFF-E2D4-AB16-BADE8230D625" otype="Table" vid="AE3E2C00-31BC-B9B8-3039-1FB6B344E636">
<hideElementsInCurrentOnly>false</hideElementsInCurrentOnly>
<bounds x="1562" y="1155" width="170" height="112"/>
</OView>
<OView class="oracle.dbtools.crest.swingui.relational.TVTable" oid="44E3D06B-37F9-8072-D58A-9D33A40C31A3" otype="Table" vid="E54B722B-7AF7-5897-088C-5448DFF0DCF7">
<hideElementsInCurrentOnly>false</hideElementsInCurrentOnly>
<bounds x="1505" y="196" width="229" height="153"/>
</OView>
<OView class="oracle.dbtools.crest.swingui.relational.TVTable" oid="51652BE9-8105-61FD-D2C4-CEF53D0A7540" otype="Table" vid="EBC8F141-1B00-2D13-6515-78AC672C52BD">
<hideElementsInCurrentOnly>false</hideElementsInCurrentOnly>
<bounds x="400" y="1254" width="170" height="111"/>
</OView>
<OView class="oracle.dbtools.crest.swingui.relational.TVTable" oid="52096B55-8FB8-5DEA-0410-F59B93E95D73" otype="Table" vid="C6037372-6C27-60F8-2B96-F987D0767E24">
<hideElementsInCurrentOnly>false</hideElementsInCurrentOnly>
<bounds x="39" y="775" width="246" height="112"/>
</OView>
<OView class="oracle.dbtools.crest.swingui.relational.TVTable" oid="573E36C4-F2B0-29D9-5673-CFCC0CAF4CE3" otype="Table" vid="DDF30D1C-7259-48B3-588E-C6C77F7D3296">
<hideElementsInCurrentOnly>false</hideElementsInCurrentOnly>
<bounds x="1112" y="690" width="228" height="112"/>
</OView>
<OView class="oracle.dbtools.crest.swingui.relational.TVTable" oid="750EA003-D26F-3D29-8D52-943FF0549052" otype="Table" vid="6A3E6089-09FB-F9B8-B893-D6344018A29F">
<hideElementsInCurrentOnly>false</hideElementsInCurrentOnly>
<bounds x="1556" y="890" width="157" height="114"/>
</OView>
<OView class="oracle.dbtools.crest.swingui.relational.TVTable" oid="770F1901-ADD9-FA80-7D38-55DCD953E039" otype="Table" vid="5196E345-78AF-86E7-0811-4F15CE17716B">
<hideElementsInCurrentOnly>false</hideElementsInCurrentOnly>
<bounds x="751" y="478" width="293" height="106"/>
</OView>
<OView class="oracle.dbtools.crest.swingui.relational.TVTable" oid="7A90AD15-D452-1763-13E4-356AA20CF414" otype="Table" vid="F846DC6C-3D98-D9B7-E2C4-5F287892549F">
<hideElementsInCurrentOnly>false</hideElementsInCurrentOnly>
<bounds x="1183" y="1187" width="302" height="112"/>
</OView>
<OView class="oracle.dbtools.crest.swingui.relational.TVTable" oid="869CE35F-3426-FF0D-C1AA-6BFE53898924" otype="Table" vid="080EBF1B-5823-5F1F-EC2B-987303328FC7">
<hideElementsInCurrentOnly>false</hideElementsInCurrentOnly>
<bounds x="72" y="1400" width="170" height="111"/>
</OView>
<OView class="oracle.dbtools.crest.swingui.relational.TVTable" oid="9AA880F2-447A-AC52-3E2D-1C1313794D8B" otype="Table" vid="8BD2DF8C-E9A6-6243-46A2-54C3EEEC2766">
<hideElementsInCurrentOnly>false</hideElementsInCurrentOnly>
<bounds x="578" y="953" width="178" height="130"/>
</OView>
<OView class="oracle.dbtools.crest.swingui.relational.TVTable" oid="A6D3EF63-47F2-7E6E-1E9A-84237E6B5EC1" otype="Table" vid="3D9FA36F-FB72-C332-D2BA-3287456BD2F6">
<hideElementsInCurrentOnly>false</hideElementsInCurrentOnly>
<bounds x="759" y="274" width="239" height="134"/>
</OView>
<OView class="oracle.dbtools.crest.swingui.relational.TVTable" oid="A73C5DB3-B1DA-4171-CA84-27E7687F9318" otype="Table" vid="27989C77-8FF4-2F24-2AC8-8BEB8158B8BD">
<hideElementsInCurrentOnly>false</hideElementsInCurrentOnly>
<bounds x="75" y="904" width="170" height="111"/>
</OView>
<OView class="oracle.dbtools.crest.swingui.relational.TVTable" oid="C1DBD360-85D9-EDA9-AD4F-5EF787CA276D" otype="Table" vid="7C8C0F80-1AB1-C187-7007-33AB114F8D74">
<hideElementsInCurrentOnly>false</hideElementsInCurrentOnly>
<bounds x="299" y="990" width="170" height="111"/>
</OView>
<OView class="oracle.dbtools.crest.swingui.relational.TVTable" oid="C4D54197-94AF-948C-F1FB-CD954F85394F" otype="Table" vid="F950DA66-F955-37DD-9442-8E435502139D">
<hideElementsInCurrentOnly>false</hideElementsInCurrentOnly>
<bounds x="1118" y="224" width="236" height="161"/>
</OView>
<OView class="oracle.dbtools.crest.swingui.relational.TVTable" oid="C7E57F66-0997-5AAF-3964-4DBA758A6EDC" otype="Table" vid="453B4B63-6906-ACDA-0AF1-561EB8911037">
<hideElementsInCurrentOnly>false</hideElementsInCurrentOnly>
<bounds x="1594" y="385" width="220" height="110"/>
</OView>
<OView class="oracle.dbtools.crest.swingui.relational.TVTable" oid="CCAB104A-3E2C-FBDF-350D-8F02B09C207C" otype="Table" vid="B23B2037-152B-2E9A-DC55-3538A43336D0">
<hideElementsInCurrentOnly>false</hideElementsInCurrentOnly>
<bounds x="1354" y="604" width="211" height="113"/>
</OView>
<OView class="oracle.dbtools.crest.swingui.TVNote" oid="D2F765D6-2BDB-CF65-A100-CC63EAEB254C" otype="Note" vid="1DF2696C-7E12-C4FD-DADD-9735E447C8FE">
<hideElementsInCurrentOnly>false</hideElementsInCurrentOnly>
<bounds x="244" y="1466" width="148" height="41"/>
<comment>NOTIFICACIONES DEL EQUIPO DE PINTEREST</comment>
</OView>
<OView class="oracle.dbtools.crest.swingui.relational.TVTable" oid="D94FFE4E-F52C-8CF0-5517-E996427D74E4" otype="Table" vid="4086C418-E77C-5694-FEC3-324687803B8E">
<hideElementsInCurrentOnly>false</hideElementsInCurrentOnly>
<bounds x="869" y="978" width="238" height="106"/>
</OView>
<OView class="oracle.dbtools.crest.swingui.relational.TVTable" oid="E6F03059-7350-8AAF-2F20-7918DC3FB422" otype="Table" vid="E9ED237D-3B66-8045-4BE9-14A4394210A8">
<hideElementsInCurrentOnly>false</hideElementsInCurrentOnly>
<bounds x="3" y="488" width="283" height="166"/>
</OView>
<OView class="oracle.dbtools.crest.swingui.relational.TVTable" oid="EDD3F244-8E5C-B994-E5E1-27395FCF7E5D" otype="Table" vid="39F8565E-C088-65A7-BB63-7AB42DD0C6A5">
<hideElementsInCurrentOnly>false</hideElementsInCurrentOnly>
<bounds x="58" y="1155" width="296" height="137"/>
</OView>
<OView class="oracle.dbtools.crest.swingui.relational.TVTable" oid="EF1136D2-533F-2BFD-C3C3-4E0278A36950" otype="Table" vid="AB31DDF0-ECD6-EA71-C790-F6BE0D5B512D">
<hideElementsInCurrentOnly>false</hideElementsInCurrentOnly>
<bounds x="748" y="680" width="329" height="245"/>
</OView>
<OView class="oracle.dbtools.crest.swingui.relational.TVTable" oid="FBBB5840-18F5-D3F2-072C-9AC788F5005B" otype="Table" vid="B9A86E11-6B3A-C93B-5C06-D496776CF403">
<hideElementsInCurrentOnly>false</hideElementsInCurrentOnly>
<bounds x="396" y="301" width="232" height="127"/>
</OView>
<OView class="oracle.dbtools.crest.swingui.relational.TVTable" oid="FC56C06E-6109-C02B-038A-CA5C88786A14" otype="Table" vid="F4783215-006A-B188-57AC-404676F9235F">
<hideElementsInCurrentOnly>false</hideElementsInCurrentOnly>
<bounds x="1179" y="456" width="209" height="114"/>
</OView>
</objectViews>
<connectors>
<Connector class="oracle.dbtools.crest.swingui.relational.TVFKRelation" oid="018D4ADE-4D65-CFF0-B238-4CAC1CF65C8C" otype="FKIndexAssociation" vid_source="F950DA66-F955-37DD-9442-8E435502139D" vid_target="3D9FA36F-FB72-C332-D2BA-3287456BD2F6">
<hideElementsInCurrentOnly>false</hideElementsInCurrentOnly>
<backgroundColor>-16777216</backgroundColor>
<lineWidth>1</lineWidth>
<points>
<point x="1118" y="329"/>
<point x="998" y="329"/>
</points>
</Connector>
<Connector class="oracle.dbtools.crest.swingui.relational.TVFKRelation" oid="05EC18AB-90C7-36B7-2457-75948724B5ED" otype="FKIndexAssociation" vid_source="AB31DDF0-ECD6-EA71-C790-F6BE0D5B512D" vid_target="F846DC6C-3D98-D9B7-E2C4-5F287892549F">
<hideElementsInCurrentOnly>false</hideElementsInCurrentOnly>
<backgroundColor>-16777216</backgroundColor>
<lineWidth>1</lineWidth>
<points>
<point x="748" y="901"/>
<point x="557" y="901"/>
<point x="560" y="1218"/>
<point x="1183" y="1218"/>
</points>
</Connector>
<Connector class="oracle.dbtools.crest.swingui.relational.TVFKRelation" oid="1851F032-AE11-C901-63C1-6DA12F752230" otype="FKIndexAssociation" vid_source="C6037372-6C27-60F8-2B96-F987D0767E24" vid_target="AB31DDF0-ECD6-EA71-C790-F6BE0D5B512D">
<hideElementsInCurrentOnly>false</hideElementsInCurrentOnly>
<backgroundColor>-16777216</backgroundColor>
<lineWidth>1</lineWidth>
<points>
<point x="285" y="801"/>
<point x="748" y="801"/>
</points>
</Connector>
<Connector class="oracle.dbtools.crest.swingui.relational.TVFKRelation" oid="1AC6130D-7E21-E7ED-075E-D1C294F92455" otype="FKIndexAssociation" vid_source="AB31DDF0-ECD6-EA71-C790-F6BE0D5B512D" vid_target="4086C418-E77C-5694-FEC3-324687803B8E">
<hideElementsInCurrentOnly>false</hideElementsInCurrentOnly>
<backgroundColor>-16777216</backgroundColor>
<lineWidth>1</lineWidth>
<points>
<point x="973" y="925"/>
<point x="973" y="978"/>
</points>
</Connector>
<Connector class="oracle.dbtools.crest.swingui.relational.TVFKRelation" oid="22211776-B0CD-BCCC-F2D6-CEE3C4142327" otype="FKIndexAssociation" vid_source="CB97EB16-23B2-21EA-0396-44C78C8747B5" vid_target="AB31DDF0-ECD6-EA71-C790-F6BE0D5B512D">
<hideElementsInCurrentOnly>false</hideElementsInCurrentOnly>
<backgroundColor>-16777216</backgroundColor>
<lineWidth>1</lineWidth>
<points>
<point x="847" y="1311"/>
<point x="847" y="925"/>
</points>
</Connector>
<Connector class="oracle.dbtools.crest.swingui.relational.TVFKRelation" oid="22D51B64-0293-821F-7E67-7D2EAA785F55" otype="FKIndexAssociation" vid_source="F846DC6C-3D98-D9B7-E2C4-5F287892549F" vid_target="AE3E2C00-31BC-B9B8-3039-1FB6B344E636">
<hideElementsInCurrentOnly>false</hideElementsInCurrentOnly>
<backgroundColor>-16777216</backgroundColor>
<lineWidth>1</lineWidth>
<points>
<point x="1485" y="1227"/>
<point x="1562" y="1227"/>
</points>
</Connector>
<Connector class="oracle.dbtools.crest.swingui.relational.TVFKRelation" oid="24DE23E4-B3A1-3B5C-6601-80DA3EE6907C" otype="FKIndexAssociation" vid_source="AB31DDF0-ECD6-EA71-C790-F6BE0D5B512D" vid_target="EBC8F141-1B00-2D13-6515-78AC672C52BD">
<hideElementsInCurrentOnly>false</hideElementsInCurrentOnly>
<backgroundColor>-16777216</backgroundColor>
<lineWidth>1</lineWidth>
<points>
<point x="748" y="881"/>
<point x="483" y="881"/>
<point x="483" y="1254"/>
</points>
</Connector>
<Connector class="oracle.dbtools.crest.swingui.relational.TVFKRelation" oid="28C894BA-3DAD-B216-D3BC-BB783A50310F" otype="FKIndexAssociation" vid_source="E3FC1A04-FDFD-4C11-51F2-6C121C8FA908" vid_target="DDF30D1C-7259-48B3-588E-C6C77F7D3296">
<hideElementsInCurrentOnly>false</hideElementsInCurrentOnly>
<backgroundColor>-16777216</backgroundColor>
<lineWidth>1</lineWidth>
<points>
<point x="1246" y="890"/>
<point x="1246" y="802"/>
</points>
</Connector>
<Connector class="oracle.dbtools.crest.swingui.relational.TVFKRelation" oid="306E037C-2746-A847-52DA-2042CE43573C" otype="FKIndexAssociation" vid_source="90935D06-5229-994E-0822-72FB5224593D" vid_target="6A3E6089-09FB-F9B8-B893-D6344018A29F">
<hideElementsInCurrentOnly>false</hideElementsInCurrentOnly>
<backgroundColor>-16777216</backgroundColor>
<lineWidth>1</lineWidth>
<points>
<point x="1644" y="720"/>
<point x="1644" y="890"/>
</points>
</Connector>
<Connector class="oracle.dbtools.crest.swingui.relational.TVFKRelation" oid="33F976FC-B393-DA7D-7D3B-5CA1945F13AC" otype="FKIndexAssociation" vid_source="F2FE0740-0AEA-DC77-0AE1-5F553F8FDF1C" vid_target="E9ED237D-3B66-8045-4BE9-14A4394210A8">
<hideElementsInCurrentOnly>false</hideElementsInCurrentOnly>
<backgroundColor>-16777216</backgroundColor>
<lineWidth>1</lineWidth>
<points>
<point x="179" y="412"/>
<point x="179" y="488"/>
</points>
</Connector>
<Connector class="oracle.dbtools.crest.swingui.relational.TVFKRelation" oid="38D84EE9-6815-DD9B-2030-91D14AF26502" otype="FKIndexAssociation" vid_source="E3FC1A04-FDFD-4C11-51F2-6C121C8FA908" vid_target="8BD2DF8C-E9A6-6243-46A2-54C3EEEC2766">
<hideElementsInCurrentOnly>false</hideElementsInCurrentOnly>
<backgroundColor>-16777216</backgroundColor>
<lineWidth>1</lineWidth>
<points>
<point x="1268" y="1087"/>
<point x="1268" y="1145"/>
<point x="666" y="1148"/>
<point x="666" y="1083"/>
</points>
</Connector>
<Connector class="oracle.dbtools.crest.swingui.relational.TVFKRelation" oid="4090F60B-AC40-5C1F-7B56-DCC067EE64AB" otype="FKIndexAssociation" vid_source="E3FC1A04-FDFD-4C11-51F2-6C121C8FA908" vid_target="B23B2037-152B-2E9A-DC55-3538A43336D0">
<hideElementsInCurrentOnly>false</hideElementsInCurrentOnly>
<backgroundColor>-16777216</backgroundColor>
<lineWidth>1</lineWidth>
<points>
<point x="1368" y="890"/>
<point x="1368" y="717"/>
</points>
</Connector>
<Connector class="oracle.dbtools.crest.swingui.relational.TVFKRelation" oid="43AE9824-739B-EFCA-BCD7-03A08AE24A5D" otype="FKIndexAssociation" vid_source="F950DA66-F955-37DD-9442-8E435502139D" vid_target="5196E345-78AF-86E7-0811-4F15CE17716B">
<hideElementsInCurrentOnly>false</hideElementsInCurrentOnly>
<backgroundColor>-16777216</backgroundColor>
<lineWidth>1</lineWidth>
<points>
<point x="1118" y="344"/>
<point x="1021" y="344"/>
<point x="1021" y="478"/>
</points>
</Connector>
<Connector class="oracle.dbtools.crest.swingui.relational.TVFKRelation" oid="58820B9E-385B-9024-B957-691628714033" otype="FKIndexAssociation" vid_source="E3FC1A04-FDFD-4C11-51F2-6C121C8FA908" vid_target="6A3E6089-09FB-F9B8-B893-D6344018A29F">
<hideElementsInCurrentOnly>false</hideElementsInCurrentOnly>
<backgroundColor>-16777216</backgroundColor>
<lineWidth>1</lineWidth>
<points>
<point x="1383" y="947"/>
<point x="1556" y="947"/>
</points>
</Connector>
<Connector class="oracle.dbtools.crest.swingui.relational.TVFKRelation" oid="5C2C6DE4-D7A6-909A-632A-10CF0F722F47" otype="FKIndexAssociation" vid_source="AB31DDF0-ECD6-EA71-C790-F6BE0D5B512D" vid_target="E3FC1A04-FDFD-4C11-51F2-6C121C8FA908">
<hideElementsInCurrentOnly>false</hideElementsInCurrentOnly>
<backgroundColor>-16777216</backgroundColor>
<lineWidth>1</lineWidth>
<points>
<point x="1077" y="822"/>
<point x="1180" y="822"/>
<point x="1180" y="890"/>
</points>
</Connector>
<Connector class="oracle.dbtools.crest.swingui.relational.TVFKRelation" oid="68B66EF4-BEEB-B3B9-54B2-32372DE37CBE" otype="FKIndexAssociation" vid_source="AB31DDF0-ECD6-EA71-C790-F6BE0D5B512D" vid_target="DDF30D1C-7259-48B3-588E-C6C77F7D3296">
<hideElementsInCurrentOnly>false</hideElementsInCurrentOnly>
<backgroundColor>-16777216</backgroundColor>
<lineWidth>1</lineWidth>
<points>
<point x="1077" y="761"/>
<point x="1112" y="761"/>
</points>
</Connector>
<Connector class="oracle.dbtools.crest.swingui.relational.TVFKRelation" oid="6AC854A1-1C28-975D-D990-6445D11D1D4A" otype="FKIndexAssociation" vid_source="AB31DDF0-ECD6-EA71-C790-F6BE0D5B512D" vid_target="27989C77-8FF4-2F24-2AC8-8BEB8158B8BD">
<hideElementsInCurrentOnly>false</hideElementsInCurrentOnly>
<backgroundColor>-16777216</backgroundColor>
<lineWidth>1</lineWidth>
<points>
<point x="748" y="822"/>
<point x="316" y="822"/>
<point x="316" y="943"/>
<point x="245" y="943"/>
</points>
</Connector>
<Connector class="oracle.dbtools.crest.swingui.relational.TVFKRelation" oid="7C43458E-B64A-C363-D76E-5B8A8DEBAA79" otype="FKIndexAssociation" vid_source="F950DA66-F955-37DD-9442-8E435502139D" vid_target="F4783215-006A-B188-57AC-404676F9235F">
<hideElementsInCurrentOnly>false</hideElementsInCurrentOnly>
<backgroundColor>-16777216</backgroundColor>
<lineWidth>1</lineWidth>
<points>
<point x="1266" y="385"/>
<point x="1266" y="456"/>
</points>
</Connector>
<Connector class="oracle.dbtools.crest.swingui.relational.TVFKRelation" oid="7F9F4721-9A8F-A9AC-7FED-DA26F2D6BF61" otype="FKIndexAssociation" vid_source="AB31DDF0-ECD6-EA71-C790-F6BE0D5B512D" vid_target="F999AFEA-4AE0-2A59-DFF4-10A3639A2B9F">
<hideElementsInCurrentOnly>false</hideElementsInCurrentOnly>
<backgroundColor>-16777216</backgroundColor>
<lineWidth>1</lineWidth>
<points>
<point x="748" y="742"/>
<point x="391" y="742"/>
<point x="391" y="638"/>
</points>
</Connector>
<Connector class="oracle.dbtools.crest.swingui.relational.TVFKRelation" oid="8010E09D-FFA9-FFEF-4450-C55C7ABA72D1" otype="FKIndexAssociation" vid_source="AB31DDF0-ECD6-EA71-C790-F6BE0D5B512D" vid_target="8BD2DF8C-E9A6-6243-46A2-54C3EEEC2766">
<hideElementsInCurrentOnly>false</hideElementsInCurrentOnly>
<backgroundColor>-16777216</backgroundColor>
<lineWidth>1</lineWidth>
<points>
<point x="752" y="925"/>
<point x="752" y="953"/>
</points>
</Connector>
<Connector class="oracle.dbtools.crest.swingui.relational.TVFKRelation" oid="A8FEF2B8-2C7E-DDC2-DC01-FF300D319867" otype="FKIndexAssociation" vid_source="AB31DDF0-ECD6-EA71-C790-F6BE0D5B512D" vid_target="3D9FA36F-FB72-C332-D2BA-3287456BD2F6">
<hideElementsInCurrentOnly>false</hideElementsInCurrentOnly>
<backgroundColor>-16777216</backgroundColor>
<lineWidth>1</lineWidth>
<points>
<point x="866" y="680"/>
<point x="866" y="606"/>
<point x="737" y="606"/>
<point x="739" y="316"/>
<point x="759" y="316"/>
</points>
</Connector>
<Connector class="oracle.dbtools.crest.swingui.relational.TVFKRelation" oid="A9DD0618-4400-A8DE-7FFC-2DF7C0000A49" otype="FKIndexAssociation" vid_source="AB31DDF0-ECD6-EA71-C790-F6BE0D5B512D" vid_target="F950DA66-F955-37DD-9442-8E435502139D">
<hideElementsInCurrentOnly>false</hideElementsInCurrentOnly>
<backgroundColor>-16777216</backgroundColor>
<lineWidth>1</lineWidth>
<points>
<point x="1060" y="680"/>
<point x="1060" y="367"/>
<point x="1118" y="367"/>
</points>
</Connector>
<Connector class="oracle.dbtools.crest.swingui.relational.TVFKRelation" oid="AB06B5BE-9884-075D-7F35-E8995221248C" otype="FKIndexAssociation" vid_source="AB31DDF0-ECD6-EA71-C790-F6BE0D5B512D" vid_target="B9A86E11-6B3A-C93B-5C06-D496776CF403">
<hideElementsInCurrentOnly>false</hideElementsInCurrentOnly>
<backgroundColor>-16777216</backgroundColor>
<lineWidth>1</lineWidth>
<points>
<point x="748" y="692"/>
<point x="569" y="692"/>
<point x="569" y="428"/>
</points>
</Connector>
<Connector class="oracle.dbtools.crest.swingui.relational.TVFKRelation" oid="B0C6F492-34C6-82FD-2400-0F4502BCAE8A" otype="FKIndexAssociation" vid_source="E3FC1A04-FDFD-4C11-51F2-6C121C8FA908" vid_target="4086C418-E77C-5694-FEC3-324687803B8E">
<hideElementsInCurrentOnly>false</hideElementsInCurrentOnly>
<backgroundColor>-16777216</backgroundColor>
<lineWidth>1</lineWidth>
<points>
<point x="1153" y="1031"/>
<point x="1107" y="1031"/>
</points>
</Connector>
<Connector class="oracle.dbtools.crest.swingui.relational.TVFKRelation" oid="CB8B9941-1357-D7F2-7765-A5BA9107B8CA" otype="FKIndexAssociation" vid_source="AB31DDF0-ECD6-EA71-C790-F6BE0D5B512D" vid_target="7C8C0F80-1AB1-C187-7007-33AB114F8D74">
<hideElementsInCurrentOnly>false</hideElementsInCurrentOnly>
<backgroundColor>-16777216</backgroundColor>
<lineWidth>1</lineWidth>
<points>
<point x="748" y="866"/>
<point x="380" y="866"/>
<point x="380" y="990"/>
</points>
</Connector>
<Connector class="oracle.dbtools.crest.swingui.relational.TVFKRelation" oid="CE98B065-2861-A4C7-260F-8E8FDAAEBD30" otype="FKIndexAssociation" vid_source="352C9C1D-8F49-F017-1797-924B1C345BAB" vid_target="B9A86E11-6B3A-C93B-5C06-D496776CF403">
<hideElementsInCurrentOnly>false</hideElementsInCurrentOnly>
<backgroundColor>-16777216</backgroundColor>
<lineWidth>1</lineWidth>
<points>
<point x="512" y="181"/>
<point x="512" y="301"/>
</points>
</Connector>
<Connector class="oracle.dbtools.crest.swingui.relational.TVFKRelation" oid="D1D9DEBF-5C28-EB7B-BB8C-8005716A269D" otype="FKIndexAssociation" vid_source="AB31DDF0-ECD6-EA71-C790-F6BE0D5B512D" vid_target="DDF30D1C-7259-48B3-588E-C6C77F7D3296">
<hideElementsInCurrentOnly>false</hideElementsInCurrentOnly>
<backgroundColor>-16777216</backgroundColor>
<lineWidth>1</lineWidth>
<points>
<point x="1077" y="746"/>
<point x="1112" y="746"/>
</points>
</Connector>
<Connector class="oracle.dbtools.crest.swingui.relational.TVFKRelation" oid="D42233F5-C6D2-349F-25A6-70469F31AA4F" otype="FKIndexAssociation" vid_source="F846DC6C-3D98-D9B7-E2C4-5F287892549F" vid_target="E3FC1A04-FDFD-4C11-51F2-6C121C8FA908">
<hideElementsInCurrentOnly>false</hideElementsInCurrentOnly>
<backgroundColor>-16777216</backgroundColor>
<lineWidth>1</lineWidth>
<points>
<point x="1283" y="1187"/>
<point x="1283" y="1087"/>
</points>
</Connector>
<Connector class="oracle.dbtools.crest.swingui.relational.TVFKRelation" oid="D53C4A86-BFE0-B08B-070E-2FFFA80A6B0C" otype="FKIndexAssociation" vid_source="F950DA66-F955-37DD-9442-8E435502139D" vid_target="B23B2037-152B-2E9A-DC55-3538A43336D0">
<hideElementsInCurrentOnly>false</hideElementsInCurrentOnly>
<backgroundColor>-16777216</backgroundColor>
<lineWidth>1</lineWidth>
<points>
<point x="1306" y="385"/>
<point x="1306" y="440"/>
<point x="1427" y="440"/>
<point x="1427" y="604"/>
</points>
</Connector>
<Connector class="oracle.dbtools.crest.swingui.relational.TVFKRelation" oid="DCFFB3DF-0A35-037E-5221-5EBD63A0DE8E" otype="FKIndexAssociation" vid_source="90935D06-5229-994E-0822-72FB5224593D" vid_target="F950DA66-F955-37DD-9442-8E435502139D">
<hideElementsInCurrentOnly>false</hideElementsInCurrentOnly>
<backgroundColor>-16777216</backgroundColor>
<lineWidth>1</lineWidth>
<points>
<point x="1669" y="625"/>
<point x="1669" y="556"/>
<point x="1442" y="557"/>
<point x="1438" y="418"/>
<point x="1337" y="421"/>
<point x="1337" y="385"/>
</points>
</Connector>
<Connector class="oracle.dbtools.crest.swingui.relational.TVFKRelation" oid="E0E5B6ED-4025-57BC-8B79-37942A489000" otype="FKIndexAssociation" vid_source="AB31DDF0-ECD6-EA71-C790-F6BE0D5B512D" vid_target="7C8C0F80-1AB1-C187-7007-33AB114F8D74">
<hideElementsInCurrentOnly>false</hideElementsInCurrentOnly>
<backgroundColor>-16777216</backgroundColor>
<lineWidth>1</lineWidth>
<points>
<point x="748" y="849"/>
<point x="344" y="849"/>
<point x="344" y="990"/>
</points>
</Connector>
<Connector class="oracle.dbtools.crest.swingui.relational.TVFKRelation" oid="E1E58427-83BA-25CC-D726-14C597DC303E" otype="FKIndexAssociation" vid_source="39F8565E-C088-65A7-BB63-7AB42DD0C6A5" vid_target="080EBF1B-5823-5F1F-EC2B-987303328FC7">
<hideElementsInCurrentOnly>false</hideElementsInCurrentOnly>
<backgroundColor>-16777216</backgroundColor>
<lineWidth>1</lineWidth>
<points>
<point x="157" y="1292"/>
<point x="157" y="1400"/>
</points>
</Connector>
<Connector class="oracle.dbtools.crest.swingui.relational.TVFKRelation" oid="E3E66234-7A48-4E40-42C8-011BEF3DDFC6" otype="FKIndexAssociation" vid_source="AB31DDF0-ECD6-EA71-C790-F6BE0D5B512D" vid_target="5196E345-78AF-86E7-0811-4F15CE17716B">
<hideElementsInCurrentOnly>false</hideElementsInCurrentOnly>
<backgroundColor>-16777216</backgroundColor>
<lineWidth>1</lineWidth>
<points>
<point x="897" y="680"/>
<point x="897" y="584"/>
</points>
</Connector>
<Connector class="oracle.dbtools.crest.swingui.relational.TVFKRelation" oid="E6D6A8AE-4FBB-5FE4-E9B1-9921525EA265" otype="FKIndexAssociation" vid_source="AB31DDF0-ECD6-EA71-C790-F6BE0D5B512D" vid_target="E9ED237D-3B66-8045-4BE9-14A4394210A8">
<hideElementsInCurrentOnly>false</hideElementsInCurrentOnly>
<backgroundColor>-16777216</backgroundColor>
<lineWidth>1</lineWidth>
<points>
<point x="748" y="771"/>
<point x="175" y="771"/>
<point x="175" y="654"/>
</points>
</Connector>
<Connector class="oracle.dbtools.crest.swingui.relational.TVFKRelation" oid="E7547769-33C0-8B2C-6220-D0CD90D5BE81" otype="FKIndexAssociation" vid_source="39F8565E-C088-65A7-BB63-7AB42DD0C6A5" vid_target="27989C77-8FF4-2F24-2AC8-8BEB8158B8BD">
<hideElementsInCurrentOnly>false</hideElementsInCurrentOnly>
<backgroundColor>-16777216</backgroundColor>
<lineWidth>1</lineWidth>
<points>
<point x="160" y="1155"/>
<point x="160" y="1015"/>
</points>
</Connector>
<Connector class="oracle.dbtools.crest.swingui.relational.TVFKRelation" oid="E97BD85C-137C-D861-6B93-934EB00087A8" otype="FKIndexAssociation" vid_source="AB31DDF0-ECD6-EA71-C790-F6BE0D5B512D" vid_target="F4783215-006A-B188-57AC-404676F9235F">
<hideElementsInCurrentOnly>false</hideElementsInCurrentOnly>
<backgroundColor>-16777216</backgroundColor>
<lineWidth>1</lineWidth>
<points>
<point x="1076" y="680"/>
<point x="1076" y="490"/>
<point x="1179" y="490"/>
</points>
</Connector>
<Connector class="oracle.dbtools.crest.swingui.relational.TVFKRelation" oid="F2D4758A-06E1-4FAB-2CB6-339A76A4A5E0" otype="FKIndexAssociation" vid_source="453B4B63-6906-ACDA-0AF1-561EB8911037" vid_target="F950DA66-F955-37DD-9442-8E435502139D">
<hideElementsInCurrentOnly>false</hideElementsInCurrentOnly>
<backgroundColor>-16777216</backgroundColor>
<lineWidth>1</lineWidth>
<points>
<point x="1594" y="385"/>
<point x="1354" y="385"/>
</points>
</Connector>
<Connector class="oracle.dbtools.crest.swingui.relational.TVFKRelation" oid="F5A27448-A590-27DE-EED9-C4852E3396B9" otype="FKIndexAssociation" vid_source="AB31DDF0-ECD6-EA71-C790-F6BE0D5B512D" vid_target="F999AFEA-4AE0-2A59-DFF4-10A3639A2B9F">
<hideElementsInCurrentOnly>false</hideElementsInCurrentOnly>
<backgroundColor>-16777216</backgroundColor>
<lineWidth>1</lineWidth>
<points>
<point x="748" y="764"/>
<point x="347" y="764"/>
<point x="347" y="638"/>
</points>
</Connector>
<Connector class="oracle.dbtools.crest.swingui.relational.TVFKRelation" oid="FA06EC72-80E6-C5A3-E158-F7B98318C5B5" otype="FKIndexAssociation" vid_source="F950DA66-F955-37DD-9442-8E435502139D" vid_target="E54B722B-7AF7-5897-088C-5448DFF0DCF7">
<hideElementsInCurrentOnly>false</hideElementsInCurrentOnly>
<backgroundColor>-16777216</backgroundColor>
<lineWidth>1</lineWidth>
<points>
<point x="1354" y="286"/>
<point x="1505" y="286"/>
</points>
</Connector>
</connectors>
</Diagram>