<?xml version = '1.0' encoding = 'UTF-8'?>
<Table class="oracle.dbtools.crest.model.design.relational.Table" directorySegmentName="seg_0" id="00062954-B4C2-B6EE-D0BC-8FE2B0CA723E" name="TBL_USUARIOS_BLOQUEADOS">
<createdBy>JackD</createdBy>
<createdTime>2019-02-18 00:14:34 UTC</createdTime>
<ownerDesignName>Diseno Relacional Pinteres</ownerDesignName>
<ordsAlias>table_20</ordsAlias>
<allowColumnReorder>false</allowColumnReorder>
<existDependencyGenerateInDDl>true</existDependencyGenerateInDDl>
<parsed>true</parsed>
<columns itemClass="oracle.dbtools.crest.model.design.relational.Column">
<Column name="CODIGO_BLOQUEO" id="40EEFEFD-F330-4ABF-7585-AE013F6746CC">
<createdBy>JackD</createdBy>
<createdTime>2019-02-23 22:03:42 UTC</createdTime>
<ownerDesignName>Diseno Relacional Pinteres</ownerDesignName>
<useDomainConstraints>false</useDomainConstraints>
<use>1</use>
<logicalDatatype>LOGDT011</logicalDatatype>
<ownDataTypeParameters>,,</ownDataTypeParameters>
<autoIncrementCycle>false</autoIncrementCycle>
</Column>
<Column name="FECHA_HORA_BLOQUEO" id="E255CF15-E6BC-890B-E6F9-6931F148279B">
<createdBy>JackD</createdBy>
<createdTime>2019-02-23 22:03:42 UTC</createdTime>
<ownerDesignName>Diseno Relacional Pinteres</ownerDesignName>
<nullsAllowed>true</nullsAllowed>
<useDomainConstraints>false</useDomainConstraints>
<use>1</use>
<logicalDatatype>LOGDT007</logicalDatatype>
<ownDataTypeParameters>,,</ownDataTypeParameters>
<autoIncrementCycle>false</autoIncrementCycle>
</Column>
<Column name="USUARIO_BLOQUEADO" id="583560AA-95C6-BDD1-339F-8B1A3889FFC5">
<createdBy>JackD</createdBy>
<createdTime>2019-02-23 22:04:19 UTC</createdTime>
<ownerDesignName>Diseno Relacional Pinteres</ownerDesignName>
<useDomainConstraints>false</useDomainConstraints>
<use>1</use>
<logicalDatatype>LOGDT011</logicalDatatype>
<ownDataTypeParameters>,,</ownDataTypeParameters>
<previousColumn>false</previousColumn>
<autoIncrementCycle>false</autoIncrementCycle>
<associations>
<colAssociation fkAssociation="7F9F4721-9A8F-A9AC-7FED-DA26F2D6BF61" referredColumn="472C718A-7B0D-DAF6-0FCE-786EF8B6BAA5"/>
</associations>
</Column>
<Column name="TBL_USUARIOS_CODIGOS_USUARIOS" id="B1C5C02A-2D90-F13A-1890-FB9CC8FC1530">
<createdBy>JackD</createdBy>
<createdTime>2019-02-23 22:05:12 UTC</createdTime>
<ownerDesignName>Diseno Relacional Pinteres</ownerDesignName>
<useDomainConstraints>false</useDomainConstraints>
<use>1</use>
<logicalDatatype>LOGDT011</logicalDatatype>
<ownDataTypeParameters>,,</ownDataTypeParameters>
<previousColumn>false</previousColumn>
<autoIncrementCycle>false</autoIncrementCycle>
<associations>
<colAssociation fkAssociation="F5A27448-A590-27DE-EED9-C4852E3396B9" referredColumn="472C718A-7B0D-DAF6-0FCE-786EF8B6BAA5"/>
</associations>
</Column>
</columns>
<indexes itemClass="oracle.dbtools.crest.model.design.relational.Index">
<ind_PK_UK id="42C2C02B-1025-35BF-0B38-8D334B946128" name="TBL_USUARIOS_BLOQUEADOS_PK">
<createdBy>JackD</createdBy>
<createdTime>2019-02-23 22:03:42 UTC</createdTime>
<ownerDesignName>Diseno Relacional Pinteres</ownerDesignName>
<pk>true</pk>
<indexState>Primary Constraint</indexState>
<isSurrogateKey>false</isSurrogateKey>
<indexColumnUsage>
<colUsage columnID="40EEFEFD-F330-4ABF-7585-AE013F6746CC"/>
</indexColumnUsage>
</ind_PK_UK>
<ind_PK_UK id="E81A949F-5DF1-7E72-4D48-56FAC1ADACDB" name="USU_BLO_USU_FK">
<createdBy>JackD</createdBy>
<createdTime>2019-02-23 22:04:19 UTC</createdTime>
<ownerDesignName>Diseno Relacional Pinteres</ownerDesignName>
<indexState>Foreign Key</indexState>
<isSurrogateKey>false</isSurrogateKey>
<indexColumnUsage>
<colUsage columnID="583560AA-95C6-BDD1-339F-8B1A3889FFC5"/>
</indexColumnUsage>
</ind_PK_UK>
<ind_PK_UK id="343BE93D-ACFD-8749-6492-28BF886355A8" name="USU_BLO_USU_FKv2">
<createdBy>JackD</createdBy>
<createdTime>2019-02-23 22:05:12 UTC</createdTime>
<ownerDesignName>Diseno Relacional Pinteres</ownerDesignName>
<indexState>Foreign Key</indexState>
<isSurrogateKey>false</isSurrogateKey>
<indexColumnUsage>
<colUsage columnID="B1C5C02A-2D90-F13A-1890-FB9CC8FC1530"/>
</indexColumnUsage>
</ind_PK_UK>
</indexes>
</Table>