<?xml version = '1.0' encoding = 'UTF-8'?>
<Table class="oracle.dbtools.crest.model.design.relational.Table" directorySegmentName="seg_0" id="04E54407-554C-9CDD-B0D3-288D040838E8" name="TBL_PINES">
<createdBy>J.D.</createdBy>
<createdTime>2019-02-12 01:36:30 UTC</createdTime>
<ownerDesignName>Diseno Relacional Pinteres</ownerDesignName>
<ordsAlias>table_3</ordsAlias>
<allowColumnReorder>false</allowColumnReorder>
<existDependencyGenerateInDDl>true</existDependencyGenerateInDDl>
<parsed>true</parsed>
<columns itemClass="oracle.dbtools.crest.model.design.relational.Column">
<Column name="CODIGO_PIN" id="56945164-F113-C585-9356-085DA4E9F8EB">
<createdBy>J.D.</createdBy>
<createdTime>2019-02-12 01:39:35 UTC</createdTime>
<ownerDesignName>Diseno Relacional Pinteres</ownerDesignName>
<useDomainConstraints>false</useDomainConstraints>
<use>1</use>
<logicalDatatype>LOGDT011</logicalDatatype>
<ownDataTypeParameters>,,</ownDataTypeParameters>
<autoIncrementCycle>false</autoIncrementCycle>
</Column>
<Column name="CODIGOS_USUARIOS" id="CC238AA2-DE69-F427-F569-1C757252C1E4">
<createdBy>J.D.</createdBy>
<createdTime>2019-02-12 01:58:47 UTC</createdTime>
<ownerDesignName>Diseno Relacional Pinteres</ownerDesignName>
<useDomainConstraints>false</useDomainConstraints>
<use>1</use>
<logicalDatatype>LOGDT011</logicalDatatype>
<ownDataTypeParameters>,,</ownDataTypeParameters>
<previousColumn>false</previousColumn>
<autoIncrementCycle>false</autoIncrementCycle>
<associations>
<colAssociation fkAssociation="5C2C6DE4-D7A6-909A-632A-10CF0F722F47" referredColumn="472C718A-7B0D-DAF6-0FCE-786EF8B6BAA5"/>
</associations>
</Column>
<Column name="CODIGO_ENLACE" id="A2B36885-2D8E-DDA6-4A7A-AD3B60DE1FE6">
<createdBy>JackD</createdBy>
<createdTime>2019-02-18 17:46:55 UTC</createdTime>
<ownerDesignName>Diseno Relacional Pinteres</ownerDesignName>
<useDomainConstraints>false</useDomainConstraints>
<use>1</use>
<logicalDatatype>LOGDT011</logicalDatatype>
<ownDataTypeParameters>,,</ownDataTypeParameters>
<previousColumn>false</previousColumn>
<autoIncrementCycle>false</autoIncrementCycle>
<associations>
<colAssociation fkAssociation="D42233F5-C6D2-349F-25A6-70469F31AA4F" referredColumn="389EE075-DD8C-6E38-9D03-83854E725BA3"/>
</associations>
</Column>
<Column name="PIN" id="62D2DC1B-44EC-9B38-EA21-6F9190501E4E">
<createdBy>J.D.</createdBy>
<createdTime>2019-02-12 01:39:35 UTC</createdTime>
<ownerDesignName>Diseno Relacional Pinteres</ownerDesignName>
<nullsAllowed>true</nullsAllowed>
<useDomainConstraints>false</useDomainConstraints>
<use>1</use>
<logicalDatatype>LOGDT029</logicalDatatype>
<ownDataTypeParameters>,,</ownDataTypeParameters>
<autoIncrementCycle>false</autoIncrementCycle>
</Column>
<Column name="GUARDADOS" id="18F776DB-7193-E1F7-D90C-ACCCEFC6CF06">
<createdBy>J.D.</createdBy>
<createdTime>2019-02-12 01:39:35 UTC</createdTime>
<ownerDesignName>Diseno Relacional Pinteres</ownerDesignName>
<nullsAllowed>true</nullsAllowed>
<useDomainConstraints>false</useDomainConstraints>
<use>1</use>
<logicalDatatype>LOGDT011</logicalDatatype>
<ownDataTypeParameters>,,</ownDataTypeParameters>
<autoIncrementCycle>false</autoIncrementCycle>
</Column>
<Column name="FECHA_HORA_SUBIDA" id="3E2663A4-73F5-773C-DB3E-65F33ED6C145">
<createdBy>J.D.</createdBy>
<createdTime>2019-02-12 01:39:35 UTC</createdTime>
<ownerDesignName>Diseno Relacional Pinteres</ownerDesignName>
<nullsAllowed>true</nullsAllowed>
<useDomainConstraints>false</useDomainConstraints>
<use>1</use>
<logicalDatatype>LOGDT007</logicalDatatype>
<ownDataTypeParameters>,,</ownDataTypeParameters>
<autoIncrementCycle>false</autoIncrementCycle>
</Column>
<Column name="DESCRIPCION" id="E65D4B5A-84B6-D830-5F34-A6E01D9F8D3F">
<createdBy>J.D.</createdBy>
<createdTime>2019-02-12 15:53:20 UTC</createdTime>
<ownerDesignName>Diseno Relacional Pinteres</ownerDesignName>
<nullsAllowed>true</nullsAllowed>
<useDomainConstraints>false</useDomainConstraints>
<use>1</use>
<logicalDatatype>LOGDT024</logicalDatatype>
<ownDataTypeParameters>,,</ownDataTypeParameters>
<autoIncrementCycle>false</autoIncrementCycle>
</Column>
</columns>
<indexes itemClass="oracle.dbtools.crest.model.design.relational.Index">
<ind_PK_UK id="D587593A-27F6-27CC-2945-9C7DB60F71EB" name="TBL_PINES_PK">
<createdBy>J.D.</createdBy>
<createdTime>2019-02-12 02:00:37 UTC</createdTime>
<ownerDesignName>Diseno Relacional Pinteres</ownerDesignName>
<pk>true</pk>
<indexState>Primary Constraint</indexState>
<isSurrogateKey>false</isSurrogateKey>
<indexColumnUsage>
<colUsage columnID="56945164-F113-C585-9356-085DA4E9F8EB"/>
</indexColumnUsage>
</ind_PK_UK>
<ind_PK_UK id="8DFC8321-1F26-F07A-933E-21196608BA10" name="PIN_USU_FK">
<createdBy>J.D.</createdBy>
<createdTime>2019-02-12 01:58:47 UTC</createdTime>
<ownerDesignName>Diseno Relacional Pinteres</ownerDesignName>
<indexState>Foreign Key</indexState>
<isSurrogateKey>false</isSurrogateKey>
<indexColumnUsage>
<colUsage columnID="CC238AA2-DE69-F427-F569-1C757252C1E4"/>
</indexColumnUsage>
</ind_PK_UK>
<ind_PK_UK id="CD16DF2D-F95C-0305-104E-4EACB909C413" name="PIN_ENL_FK">
<createdBy>JackD</createdBy>
<createdTime>2019-02-18 17:46:55 UTC</createdTime>
<ownerDesignName>Diseno Relacional Pinteres</ownerDesignName>
<indexState>Foreign Key</indexState>
<isSurrogateKey>false</isSurrogateKey>
<indexColumnUsage>
<colUsage columnID="A2B36885-2D8E-DDA6-4A7A-AD3B60DE1FE6"/>
</indexColumnUsage>
</ind_PK_UK>
</indexes>
</Table>