<?xml version = '1.0' encoding = 'UTF-8'?>
<Table class="oracle.dbtools.crest.model.design.relational.Table" directorySegmentName="seg_0" id="09A35DA7-A412-173E-8F4A-61BC2C1EF3ED" name="TBL_TEMAS">
<createdBy>J.D.</createdBy>
<createdTime>2019-02-12 15:24:36 UTC</createdTime>
<ownerDesignName>Diseno Relacional Pinteres</ownerDesignName>
<ordsAlias>table_4</ordsAlias>
<allowColumnReorder>false</allowColumnReorder>
<existDependencyGenerateInDDl>true</existDependencyGenerateInDDl>
<parsed>true</parsed>
<columns itemClass="oracle.dbtools.crest.model.design.relational.Column">
<Column name="CODIGO_TEMA" id="44FF0902-9AC2-01AF-14C0-2915D64CFECB">
<createdBy>J.D.</createdBy>
<createdTime>2019-02-12 15:26:25 UTC</createdTime>
<ownerDesignName>Diseno Relacional Pinteres</ownerDesignName>
<useDomainConstraints>false</useDomainConstraints>
<use>1</use>
<logicalDatatype>LOGDT011</logicalDatatype>
<ownDataTypeParameters>,,</ownDataTypeParameters>
<autoIncrementCycle>false</autoIncrementCycle>
</Column>
<Column name="NOMBRE_TEMA" id="C5D4A78E-3714-0EAD-8B51-6A36F9D25E9E">
<createdBy>J.D.</createdBy>
<createdTime>2019-02-12 15:26:25 UTC</createdTime>
<ownerDesignName>Diseno Relacional Pinteres</ownerDesignName>
<nullsAllowed>true</nullsAllowed>
<useDomainConstraints>false</useDomainConstraints>
<use>1</use>
<logicalDatatype>LOGDT024</logicalDatatype>
<ownDataTypeParameters>,,</ownDataTypeParameters>
<autoIncrementCycle>false</autoIncrementCycle>
</Column>
</columns>
<indexes itemClass="oracle.dbtools.crest.model.design.relational.Index">
<ind_PK_UK id="63466C67-26C4-9663-848B-463F74E41CCE" name="TBL_TEMAS_PK">
<createdBy>J.D.</createdBy>
<createdTime>2019-02-12 15:26:25 UTC</createdTime>
<ownerDesignName>Diseno Relacional Pinteres</ownerDesignName>
<pk>true</pk>
<indexState>Primary Constraint</indexState>
<isSurrogateKey>false</isSurrogateKey>
<indexColumnUsage>
<colUsage columnID="44FF0902-9AC2-01AF-14C0-2915D64CFECB"/>
</indexColumnUsage>
</ind_PK_UK>
</indexes>
</Table>