<?xml version = '1.0' encoding = 'UTF-8'?>
<Table class="oracle.dbtools.crest.model.design.relational.Table" directorySegmentName="seg_0" id="13448812-CDF4-1F79-478E-2F071C557EE3" name="TBL_MENSAJES">
<createdBy>JackD</createdBy>
<createdTime>2019-02-17 19:39:51 UTC</createdTime>
<ownerDesignName>Diseno Relacional Pinteres</ownerDesignName>
<ordsAlias>table_8</ordsAlias>
<allowColumnReorder>false</allowColumnReorder>
<existDependencyGenerateInDDl>true</existDependencyGenerateInDDl>
<parsed>true</parsed>
<columns itemClass="oracle.dbtools.crest.model.design.relational.Column">
<Column name="CODIGO_MENSAJE" id="CAD7CCE0-C7A2-EAF7-393E-D6C2AD4888B4">
<createdBy>JackD</createdBy>
<createdTime>2019-02-17 19:42:46 UTC</createdTime>
<ownerDesignName>Diseno Relacional Pinteres</ownerDesignName>
<useDomainConstraints>false</useDomainConstraints>
<use>1</use>
<logicalDatatype>LOGDT011</logicalDatatype>
<ownDataTypeParameters>,,</ownDataTypeParameters>
<autoIncrementCycle>false</autoIncrementCycle>
</Column>
<Column name="MENSAJE" id="55AD8586-5F05-5770-2935-897644A445D0">
<createdBy>JackD</createdBy>
<createdTime>2019-02-17 19:42:46 UTC</createdTime>
<ownerDesignName>Diseno Relacional Pinteres</ownerDesignName>
<nullsAllowed>true</nullsAllowed>
<useDomainConstraints>false</useDomainConstraints>
<use>1</use>
<logicalDatatype>LOGDT024</logicalDatatype>
<ownDataTypeParameters>,,</ownDataTypeParameters>
<autoIncrementCycle>false</autoIncrementCycle>
</Column>
<Column name="FECHA_HORA_MENSAJE" id="3B51C33A-E392-88B2-855C-12FD30146B1C">
<createdBy>JackD</createdBy>
<createdTime>2019-02-17 19:42:46 UTC</createdTime>
<ownerDesignName>Diseno Relacional Pinteres</ownerDesignName>
<nullsAllowed>true</nullsAllowed>
<useDomainConstraints>false</useDomainConstraints>
<use>1</use>
<logicalDatatype>LOGDT007</logicalDatatype>
<ownDataTypeParameters>,,</ownDataTypeParameters>
<autoIncrementCycle>false</autoIncrementCycle>
</Column>
</columns>
<indexes itemClass="oracle.dbtools.crest.model.design.relational.Index">
<ind_PK_UK id="275B8D4A-CD64-8C82-0CC8-0C431F9A4EB8" name="MENSAJES_PK">
<createdBy>JackD</createdBy>
<createdTime>2019-02-17 19:42:46 UTC</createdTime>
<ownerDesignName>Diseno Relacional Pinteres</ownerDesignName>
<pk>true</pk>
<indexState>Primary Constraint</indexState>
<isSurrogateKey>false</isSurrogateKey>
<indexColumnUsage>
<colUsage columnID="CAD7CCE0-C7A2-EAF7-393E-D6C2AD4888B4"/>
</indexColumnUsage>
</ind_PK_UK>
</indexes>
</Table>