<?xml version = '1.0' encoding = 'UTF-8'?>
<Table class="oracle.dbtools.crest.model.design.relational.Table" directorySegmentName="seg_0" id="15D0131D-A9D7-E351-8F45-13A927509E51" name="TBL_DISPONIBILIDAD_USUARIO">
<createdBy>JackD</createdBy>
<createdTime>2019-02-18 18:03:42 UTC</createdTime>
<ownerDesignName>Diseno Relacional Pinteres</ownerDesignName>
<ordsAlias>table_29</ordsAlias>
<allowColumnReorder>false</allowColumnReorder>
<existDependencyGenerateInDDl>true</existDependencyGenerateInDDl>
<parsed>true</parsed>
<columns itemClass="oracle.dbtools.crest.model.design.relational.Column">
<Column name="CODIGO_ESTADO" id="00662105-B8FE-68D7-D754-FA521B91D0DE">
<createdBy>JackD</createdBy>
<createdTime>2019-02-23 22:13:39 UTC</createdTime>
<ownerDesignName>Diseno Relacional Pinteres</ownerDesignName>
<useDomainConstraints>false</useDomainConstraints>
<use>1</use>
<logicalDatatype>LOGDT011</logicalDatatype>
<ownDataTypeParameters>,,</ownDataTypeParameters>
<autoIncrementCycle>false</autoIncrementCycle>
</Column>
<Column name="ESTADO" id="2333EAD3-1E0C-2E75-5526-29BE88D95FB4">
<createdBy>JackD</createdBy>
<createdTime>2019-02-23 22:14:12 UTC</createdTime>
<ownerDesignName>Diseno Relacional Pinteres</ownerDesignName>
<nullsAllowed>true</nullsAllowed>
<useDomainConstraints>false</useDomainConstraints>
<use>1</use>
<logicalDatatype>LOGDT024</logicalDatatype>
<ownDataTypeParameters>,,</ownDataTypeParameters>
<autoIncrementCycle>false</autoIncrementCycle>
</Column>
<Column name="FECHA_HORA_MODIFICACION" id="618DD938-CC74-4E52-752F-0CF654B98DA4">
<createdBy>JackD</createdBy>
<createdTime>2019-02-23 22:14:12 UTC</createdTime>
<ownerDesignName>Diseno Relacional Pinteres</ownerDesignName>
<nullsAllowed>true</nullsAllowed>
<useDomainConstraints>false</useDomainConstraints>
<use>1</use>
<logicalDatatype>LOGDT007</logicalDatatype>
<ownDataTypeParameters>,,</ownDataTypeParameters>
<autoIncrementCycle>false</autoIncrementCycle>
</Column>
</columns>
<indexes itemClass="oracle.dbtools.crest.model.design.relational.Index">
<ind_PK_UK id="4CE1AC1F-33E8-91D6-E43D-21C7B05C349C" name="DISPONIBILIDAD_USUARIO_PK">
<createdBy>JackD</createdBy>
<createdTime>2019-02-23 22:14:12 UTC</createdTime>
<ownerDesignName>Diseno Relacional Pinteres</ownerDesignName>
<pk>true</pk>
<indexState>Primary Constraint</indexState>
<isSurrogateKey>false</isSurrogateKey>
<indexColumnUsage>
<colUsage columnID="00662105-B8FE-68D7-D754-FA521B91D0DE"/>
</indexColumnUsage>
</ind_PK_UK>
</indexes>
</Table>