<?xml version = '1.0' encoding = 'UTF-8'?>
<Table class="oracle.dbtools.crest.model.design.relational.Table" directorySegmentName="seg_0" id="3444D655-93AB-5BFC-295D-A34A769B8443" name="TBL_ESTADO_NOTIFICACION">
<createdBy>JackD</createdBy>
<createdTime>2019-02-23 22:09:45 UTC</createdTime>
<ownerDesignName>Diseno Relacional Pinteres</ownerDesignName>
<ordsAlias>table_28</ordsAlias>
<allowColumnReorder>false</allowColumnReorder>
<existDependencyGenerateInDDl>true</existDependencyGenerateInDDl>
<parsed>true</parsed>
<columns itemClass="oracle.dbtools.crest.model.design.relational.Column">
<Column name="CODIGO_ESTADO" id="DD8BD2B7-E6EA-CAF4-132C-D27315849B50">
<createdBy>JackD</createdBy>
<createdTime>2019-02-23 22:10:31 UTC</createdTime>
<ownerDesignName>Diseno Relacional Pinteres</ownerDesignName>
<useDomainConstraints>false</useDomainConstraints>
<use>1</use>
<logicalDatatype>LOGDT011</logicalDatatype>
<ownDataTypeParameters>,,</ownDataTypeParameters>
<autoIncrementCycle>false</autoIncrementCycle>
</Column>
<Column name="ESTADO" id="B4115362-0FFF-CA64-5468-835A91A22E1E">
<createdBy>JackD</createdBy>
<createdTime>2019-02-23 22:10:31 UTC</createdTime>
<ownerDesignName>Diseno Relacional Pinteres</ownerDesignName>
<nullsAllowed>true</nullsAllowed>
<useDomainConstraints>false</useDomainConstraints>
<use>1</use>
<logicalDatatype>LOGDT006</logicalDatatype>
<dataTypeSize>1</dataTypeSize>
<ownDataTypeParameters>1,,</ownDataTypeParameters>
<autoIncrementCycle>false</autoIncrementCycle>
</Column>
</columns>
<indexes itemClass="oracle.dbtools.crest.model.design.relational.Index">
<ind_PK_UK id="FFB5989F-EF23-0290-0AED-2AFE4FE8C9FF" name="TBLA_ESTADO_NOTIFICACION_PK">
<createdBy>JackD</createdBy>
<createdTime>2019-02-23 22:10:31 UTC</createdTime>
<ownerDesignName>Diseno Relacional Pinteres</ownerDesignName>
<pk>true</pk>
<indexState>Primary Constraint</indexState>
<isSurrogateKey>false</isSurrogateKey>
<indexColumnUsage>
<colUsage columnID="DD8BD2B7-E6EA-CAF4-132C-D27315849B50"/>
</indexColumnUsage>
</ind_PK_UK>
</indexes>
</Table>