<?xml version = '1.0' encoding = 'UTF-8'?>
<Table class="oracle.dbtools.crest.model.design.relational.Table" directorySegmentName="seg_0" id="3F792096-EFFF-E2D4-AB16-BADE8230D625" name="TBL_PAGINAS_BLOQUEADAS">
<createdBy>JackD</createdBy>
<createdTime>2019-02-18 00:21:14 UTC</createdTime>
<ownerDesignName>Diseno Relacional Pinteres</ownerDesignName>
<ordsAlias>table_25</ordsAlias>
<allowColumnReorder>false</allowColumnReorder>
<existDependencyGenerateInDDl>true</existDependencyGenerateInDDl>
<parsed>true</parsed>
<columns itemClass="oracle.dbtools.crest.model.design.relational.Column">
<Column name="CODIGO_BLOQUEO" id="73A6F164-750D-19BF-5A36-DC00C9235802">
<createdBy>JackD</createdBy>
<createdTime>2019-02-18 17:40:52 UTC</createdTime>
<ownerDesignName>Diseno Relacional Pinteres</ownerDesignName>
<useDomainConstraints>false</useDomainConstraints>
<use>1</use>
<logicalDatatype>LOGDT011</logicalDatatype>
<ownDataTypeParameters>,,</ownDataTypeParameters>
<autoIncrementCycle>false</autoIncrementCycle>
</Column>
<Column name="FECHA_HORA_BLOQUEO" id="C15F6272-FC6A-B560-1AAC-7EBC767F1DC5">
<createdBy>JackD</createdBy>
<createdTime>2019-02-18 17:40:52 UTC</createdTime>
<ownerDesignName>Diseno Relacional Pinteres</ownerDesignName>
<nullsAllowed>true</nullsAllowed>
<useDomainConstraints>false</useDomainConstraints>
<use>1</use>
<logicalDatatype>LOGDT007</logicalDatatype>
<ownDataTypeParameters>,,</ownDataTypeParameters>
<autoIncrementCycle>false</autoIncrementCycle>
</Column>
<Column name="TBL_ENLACES_CODIGO_ENLACE" id="18187207-AF39-DA3B-33B3-4C64803D4C96">
<createdBy>JackD</createdBy>
<createdTime>2019-02-18 17:48:05 UTC</createdTime>
<ownerDesignName>Diseno Relacional Pinteres</ownerDesignName>
<useDomainConstraints>false</useDomainConstraints>
<use>1</use>
<logicalDatatype>LOGDT011</logicalDatatype>
<ownDataTypeParameters>,,</ownDataTypeParameters>
<previousColumn>false</previousColumn>
<autoIncrementCycle>false</autoIncrementCycle>
<associations>
<colAssociation fkAssociation="22D51B64-0293-821F-7E67-7D2EAA785F55" referredColumn="389EE075-DD8C-6E38-9D03-83854E725BA3"/>
</associations>
</Column>
</columns>
<indexes itemClass="oracle.dbtools.crest.model.design.relational.Index">
<ind_PK_UK id="14D78BC3-8D48-3D3A-B822-B7C1EAF1791A" name="TBL_PAGINAS_BLOQUEADAS_PK">
<createdBy>JackD</createdBy>
<createdTime>2019-02-18 17:40:52 UTC</createdTime>
<ownerDesignName>Diseno Relacional Pinteres</ownerDesignName>
<pk>true</pk>
<indexState>Primary Constraint</indexState>
<isSurrogateKey>false</isSurrogateKey>
<indexColumnUsage>
<colUsage columnID="73A6F164-750D-19BF-5A36-DC00C9235802"/>
</indexColumnUsage>
</ind_PK_UK>
<ind_PK_UK id="CA39E4B6-C566-2DE4-EE57-F502995E6628" name="PAG_BLO_ENL_FK">
<createdBy>JackD</createdBy>
<createdTime>2019-02-18 17:48:05 UTC</createdTime>
<ownerDesignName>Diseno Relacional Pinteres</ownerDesignName>
<indexState>Foreign Key</indexState>
<isSurrogateKey>false</isSurrogateKey>
<indexColumnUsage>
<colUsage columnID="18187207-AF39-DA3B-33B3-4C64803D4C96"/>
</indexColumnUsage>
</ind_PK_UK>
</indexes>
</Table>