<?xml version = '1.0' encoding = 'UTF-8'?>
<Table class="oracle.dbtools.crest.model.design.relational.Table" directorySegmentName="seg_0" id="44E3D06B-37F9-8072-D58A-9D33A40C31A3" name="TBL_SUBTABLERO">
<createdBy>JackD</createdBy>
<createdTime>2019-02-17 20:17:00 UTC</createdTime>
<ownerDesignName>Diseno Relacional Pinteres</ownerDesignName>
<ordsAlias>table_15</ordsAlias>
<allowColumnReorder>false</allowColumnReorder>
<existDependencyGenerateInDDl>true</existDependencyGenerateInDDl>
<parsed>true</parsed>
<columns itemClass="oracle.dbtools.crest.model.design.relational.Column">
<Column name="CODIGO_SUBTABLERO" id="26CF2A3C-BDAD-C6F9-22BC-E7A0A5A6312C">
<createdBy>JackD</createdBy>
<createdTime>2019-02-17 20:18:19 UTC</createdTime>
<ownerDesignName>Diseno Relacional Pinteres</ownerDesignName>
<useDomainConstraints>false</useDomainConstraints>
<use>1</use>
<logicalDatatype>LOGDT011</logicalDatatype>
<ownDataTypeParameters>,,</ownDataTypeParameters>
<autoIncrementCycle>false</autoIncrementCycle>
</Column>
<Column name="CODIGO_TABLERO" id="8649CDE0-563D-7995-0805-57E78D9B54AD">
<createdBy>JackD</createdBy>
<createdTime>2019-02-17 20:21:28 UTC</createdTime>
<ownerDesignName>Diseno Relacional Pinteres</ownerDesignName>
<useDomainConstraints>false</useDomainConstraints>
<use>1</use>
<logicalDatatype>LOGDT011</logicalDatatype>
<ownDataTypeParameters>,,</ownDataTypeParameters>
<previousColumn>false</previousColumn>
<autoIncrementCycle>false</autoIncrementCycle>
<associations>
<colAssociation fkAssociation="FA06EC72-80E6-C5A3-E158-F7B98318C5B5" referredColumn="668F24FD-9AC2-C232-BA60-8E519F1DF70B"/>
</associations>
</Column>
<Column name="NOMBRE_SUBTABLERO" id="07705CD8-58AD-5DF1-7FC0-2C41370E5406">
<createdBy>JackD</createdBy>
<createdTime>2019-02-17 20:18:19 UTC</createdTime>
<ownerDesignName>Diseno Relacional Pinteres</ownerDesignName>
<nullsAllowed>true</nullsAllowed>
<useDomainConstraints>false</useDomainConstraints>
<use>1</use>
<logicalDatatype>LOGDT024</logicalDatatype>
<ownDataTypeParameters>,,</ownDataTypeParameters>
<autoIncrementCycle>false</autoIncrementCycle>
</Column>
<Column name="FECHA_HORA_CREACION" id="BE04C3FF-D35C-6301-4B4E-24B4F0AF24ED">
<createdBy>JackD</createdBy>
<createdTime>2019-02-17 20:18:19 UTC</createdTime>
<ownerDesignName>Diseno Relacional Pinteres</ownerDesignName>
<nullsAllowed>true</nullsAllowed>
<useDomainConstraints>false</useDomainConstraints>
<use>1</use>
<logicalDatatype>LOGDT007</logicalDatatype>
<ownDataTypeParameters>,,</ownDataTypeParameters>
<autoIncrementCycle>false</autoIncrementCycle>
</Column>
</columns>
<indexes itemClass="oracle.dbtools.crest.model.design.relational.Index">
<ind_PK_UK id="92F787C0-6F0E-DDF5-EFDA-708B1B55A2A2" name="TBL_SUBTABLERO_PK">
<createdBy>JackD</createdBy>
<createdTime>2019-02-17 20:18:19 UTC</createdTime>
<ownerDesignName>Diseno Relacional Pinteres</ownerDesignName>
<pk>true</pk>
<indexState>Primary Constraint</indexState>
<isSurrogateKey>false</isSurrogateKey>
<indexColumnUsage>
<colUsage columnID="26CF2A3C-BDAD-C6F9-22BC-E7A0A5A6312C"/>
</indexColumnUsage>
</ind_PK_UK>
<ind_PK_UK id="5BF96C66-178A-2938-00C2-C6E40EC3F9C8" name="SUB_TABL_FK">
<createdBy>JackD</createdBy>
<createdTime>2019-02-17 20:21:28 UTC</createdTime>
<ownerDesignName>Diseno Relacional Pinteres</ownerDesignName>
<indexState>Foreign Key</indexState>
<isSurrogateKey>false</isSurrogateKey>
<indexColumnUsage>
<colUsage columnID="8649CDE0-563D-7995-0805-57E78D9B54AD"/>
</indexColumnUsage>
</ind_PK_UK>
</indexes>
</Table>