<?xml version = '1.0' encoding = 'UTF-8'?>
<Table class="oracle.dbtools.crest.model.design.relational.Table" directorySegmentName="seg_0" id="51652BE9-8105-61FD-D2C4-CEF53D0A7540" name="TBL_CUENTA_EMPRESARIAL">
<createdBy>JackD</createdBy>
<createdTime>2019-02-18 17:00:45 UTC</createdTime>
<ownerDesignName>Diseno Relacional Pinteres</ownerDesignName>
<ordsAlias>table_25</ordsAlias>
<allowColumnReorder>false</allowColumnReorder>
<existDependencyGenerateInDDl>true</existDependencyGenerateInDDl>
<parsed>true</parsed>
<columns itemClass="oracle.dbtools.crest.model.design.relational.Column">
<Column name="CODIGO_CUENTA_EMPRESARIAL" id="55E2554F-C016-F596-D652-83C852F4D441">
<createdBy>JackD</createdBy>
<createdTime>2019-02-23 22:20:32 UTC</createdTime>
<ownerDesignName>Diseno Relacional Pinteres</ownerDesignName>
<useDomainConstraints>false</useDomainConstraints>
<use>1</use>
<logicalDatatype>LOGDT011</logicalDatatype>
<ownDataTypeParameters>,,</ownDataTypeParameters>
<autoIncrementCycle>false</autoIncrementCycle>
</Column>
<Column name="NOMBRE_CUENTA" id="F0A68855-7436-C0E2-3519-679A1F8A56F0">
<createdBy>JackD</createdBy>
<createdTime>2019-02-23 22:20:32 UTC</createdTime>
<ownerDesignName>Diseno Relacional Pinteres</ownerDesignName>
<useDomainConstraints>false</useDomainConstraints>
<use>1</use>
<logicalDatatype>LOGDT024</logicalDatatype>
<ownDataTypeParameters>,,</ownDataTypeParameters>
<autoIncrementCycle>false</autoIncrementCycle>
</Column>
<Column name="FECHA_HORA_CREACION" id="295E761F-4F70-292B-C2A1-97B0BBA37565">
<createdBy>JackD</createdBy>
<createdTime>2019-02-23 22:20:53 UTC</createdTime>
<ownerDesignName>Diseno Relacional Pinteres</ownerDesignName>
<nullsAllowed>true</nullsAllowed>
<useDomainConstraints>false</useDomainConstraints>
<use>1</use>
<logicalDatatype>LOGDT007</logicalDatatype>
<ownDataTypeParameters>,,</ownDataTypeParameters>
<autoIncrementCycle>false</autoIncrementCycle>
</Column>
<Column name="CODIGOS_USUARIO_DUENO" id="3FD60A52-5232-3FDD-9286-EDFD1A91B4A6">
<createdBy>JackD</createdBy>
<createdTime>2019-02-23 22:21:25 UTC</createdTime>
<ownerDesignName>Diseno Relacional Pinteres</ownerDesignName>
<useDomainConstraints>false</useDomainConstraints>
<use>1</use>
<logicalDatatype>LOGDT011</logicalDatatype>
<ownDataTypeParameters>,,</ownDataTypeParameters>
<previousColumn>false</previousColumn>
<autoIncrementCycle>false</autoIncrementCycle>
<associations>
<colAssociation fkAssociation="24DE23E4-B3A1-3B5C-6601-80DA3EE6907C" referredColumn="472C718A-7B0D-DAF6-0FCE-786EF8B6BAA5"/>
</associations>
</Column>
</columns>
<indexes itemClass="oracle.dbtools.crest.model.design.relational.Index">
<ind_PK_UK id="153A850A-D30C-B591-ABF7-438BC0C248E1" name="TBL_CUENTA_EMPRESARIAL_PK">
<createdBy>JackD</createdBy>
<createdTime>2019-02-23 22:20:32 UTC</createdTime>
<ownerDesignName>Diseno Relacional Pinteres</ownerDesignName>
<pk>true</pk>
<indexState>Primary Constraint</indexState>
<isSurrogateKey>false</isSurrogateKey>
<indexColumnUsage>
<colUsage columnID="55E2554F-C016-F596-D652-83C852F4D441"/>
</indexColumnUsage>
</ind_PK_UK>
<ind_PK_UK id="BBAA3D8E-2734-2105-CC43-41DFA227747F" name="TBL_CUENTA_EMPRESARIAL__UN">
<createdBy>JackD</createdBy>
<createdTime>2019-02-23 22:20:32 UTC</createdTime>
<ownerDesignName>Diseno Relacional Pinteres</ownerDesignName>
<indexState>Unique Constraint</indexState>
<isSurrogateKey>false</isSurrogateKey>
<indexColumnUsage>
<colUsage columnID="F0A68855-7436-C0E2-3519-679A1F8A56F0"/>
</indexColumnUsage>
</ind_PK_UK>
<ind_PK_UK id="770C9733-B819-EC78-6B92-A62CBD561877" name="CUE_EMP_USU_FK">
<createdBy>JackD</createdBy>
<createdTime>2019-02-23 22:21:25 UTC</createdTime>
<ownerDesignName>Diseno Relacional Pinteres</ownerDesignName>
<indexState>Foreign Key</indexState>
<isSurrogateKey>false</isSurrogateKey>
<indexColumnUsage>
<colUsage columnID="3FD60A52-5232-3FDD-9286-EDFD1A91B4A6"/>
</indexColumnUsage>
</ind_PK_UK>
</indexes>
</Table>