<?xml version = '1.0' encoding = 'UTF-8'?>
<Table class="oracle.dbtools.crest.model.design.relational.Table" directorySegmentName="seg_0" id="52096B55-8FB8-5DEA-0410-F59B93E95D73" name="TBL_FOTO_USUARIO">
<createdBy>JackD</createdBy>
<createdTime>2019-02-17 23:58:32 UTC</createdTime>
<ownerDesignName>Diseno Relacional Pinteres</ownerDesignName>
<ordsAlias>table_13</ordsAlias>
<allowColumnReorder>false</allowColumnReorder>
<existDependencyGenerateInDDl>true</existDependencyGenerateInDDl>
<parsed>true</parsed>
<columns itemClass="oracle.dbtools.crest.model.design.relational.Column">
<Column name="CODIGO_FOTO" id="C21BE082-3AEE-D92B-688A-9CB2FD33B5CF">
<createdBy>JackD</createdBy>
<createdTime>2019-02-18 00:00:09 UTC</createdTime>
<ownerDesignName>Diseno Relacional Pinteres</ownerDesignName>
<useDomainConstraints>false</useDomainConstraints>
<use>1</use>
<logicalDatatype>LOGDT011</logicalDatatype>
<ownDataTypeParameters>,,</ownDataTypeParameters>
<autoIncrementCycle>false</autoIncrementCycle>
</Column>
<Column name="FOTO" id="E83264B0-FBFD-7A5A-8EBF-55FCF62A9C61">
<createdBy>JackD</createdBy>
<createdTime>2019-02-18 00:00:09 UTC</createdTime>
<ownerDesignName>Diseno Relacional Pinteres</ownerDesignName>
<nullsAllowed>true</nullsAllowed>
<useDomainConstraints>false</useDomainConstraints>
<use>1</use>
<logicalDatatype>LOGDT029</logicalDatatype>
<ownDataTypeParameters>,,</ownDataTypeParameters>
<autoIncrementCycle>false</autoIncrementCycle>
</Column>
<Column name="FECHA_HORA_SUBIDA" id="C921DECF-0312-FA49-5396-B9B9A41C7AB0">
<createdBy>JackD</createdBy>
<createdTime>2019-02-18 00:00:09 UTC</createdTime>
<ownerDesignName>Diseno Relacional Pinteres</ownerDesignName>
<nullsAllowed>true</nullsAllowed>
<useDomainConstraints>false</useDomainConstraints>
<use>1</use>
<logicalDatatype>LOGDT007</logicalDatatype>
<ownDataTypeParameters>,,</ownDataTypeParameters>
<autoIncrementCycle>false</autoIncrementCycle>
</Column>
</columns>
<indexes itemClass="oracle.dbtools.crest.model.design.relational.Index">
<ind_PK_UK id="66F3FE7E-F743-59A8-F729-FB49B0060A93" name="TBL_FOTO_USUARIO_PK">
<createdBy>JackD</createdBy>
<createdTime>2019-02-18 00:00:32 UTC</createdTime>
<ownerDesignName>Diseno Relacional Pinteres</ownerDesignName>
<pk>true</pk>
<indexState>Primary Constraint</indexState>
<isSurrogateKey>false</isSurrogateKey>
<indexColumnUsage>
<colUsage columnID="C21BE082-3AEE-D92B-688A-9CB2FD33B5CF"/>
</indexColumnUsage>
</ind_PK_UK>
</indexes>
</Table>