<?xml version = '1.0' encoding = 'UTF-8'?>
<Table class="oracle.dbtools.crest.model.design.relational.Table" directorySegmentName="seg_0" id="573E36C4-F2B0-29D9-5673-CFCC0CAF4CE3" name="TBL_VISITAS_PIN">
<createdBy>JackD</createdBy>
<createdTime>2019-02-18 00:22:07 UTC</createdTime>
<ownerDesignName>Diseno Relacional Pinteres</ownerDesignName>
<ordsAlias>table_26</ordsAlias>
<allowColumnReorder>false</allowColumnReorder>
<existDependencyGenerateInDDl>true</existDependencyGenerateInDDl>
<parsed>true</parsed>
<columns itemClass="oracle.dbtools.crest.model.design.relational.Column">
<Column name="CODIGOS_USUARIO_VISITADO" id="6E31F3A6-94B0-DA38-52BC-012BECEB1BD1">
<createdBy>JackD</createdBy>
<createdTime>2019-02-18 17:54:24 UTC</createdTime>
<ownerDesignName>Diseno Relacional Pinteres</ownerDesignName>
<useDomainConstraints>false</useDomainConstraints>
<use>1</use>
<logicalDatatype>LOGDT011</logicalDatatype>
<ownDataTypeParameters>,,</ownDataTypeParameters>
<previousColumn>false</previousColumn>
<autoIncrementCycle>false</autoIncrementCycle>
<associations>
<colAssociation fkAssociation="D1D9DEBF-5C28-EB7B-BB8C-8005716A269D" referredColumn="472C718A-7B0D-DAF6-0FCE-786EF8B6BAA5"/>
</associations>
</Column>
<Column name="CODIGO_USUARIO_VISITANTE" id="73BD52AB-37E1-288A-74EC-265B8FF3AE88">
<createdBy>JackD</createdBy>
<createdTime>2019-02-23 22:17:49 UTC</createdTime>
<ownerDesignName>Diseno Relacional Pinteres</ownerDesignName>
<useDomainConstraints>false</useDomainConstraints>
<use>1</use>
<logicalDatatype>LOGDT011</logicalDatatype>
<ownDataTypeParameters>,,</ownDataTypeParameters>
<previousColumn>false</previousColumn>
<autoIncrementCycle>false</autoIncrementCycle>
<associations>
<colAssociation fkAssociation="68B66EF4-BEEB-B3B9-54B2-32372DE37CBE" referredColumn="472C718A-7B0D-DAF6-0FCE-786EF8B6BAA5"/>
</associations>
</Column>
<Column name="CODIGO_PIN" id="0B74FA0A-09AB-D2AC-8B04-7C345B3C75C3">
<createdBy>JackD</createdBy>
<createdTime>2019-02-18 17:54:50 UTC</createdTime>
<ownerDesignName>Diseno Relacional Pinteres</ownerDesignName>
<useDomainConstraints>false</useDomainConstraints>
<use>1</use>
<logicalDatatype>LOGDT011</logicalDatatype>
<ownDataTypeParameters>,,</ownDataTypeParameters>
<previousColumn>false</previousColumn>
<autoIncrementCycle>false</autoIncrementCycle>
<associations>
<colAssociation fkAssociation="28C894BA-3DAD-B216-D3BC-BB783A50310F" referredColumn="56945164-F113-C585-9356-085DA4E9F8EB"/>
</associations>
</Column>
<Column name="FECHA_VISITA" id="12561231-689C-C16C-532E-51F2C095E37B">
<createdBy>JackD</createdBy>
<createdTime>2019-02-18 17:55:35 UTC</createdTime>
<ownerDesignName>Diseno Relacional Pinteres</ownerDesignName>
<nullsAllowed>true</nullsAllowed>
<useDomainConstraints>false</useDomainConstraints>
<use>1</use>
<logicalDatatype>LOGDT007</logicalDatatype>
<ownDataTypeParameters>,,</ownDataTypeParameters>
<autoIncrementCycle>false</autoIncrementCycle>
</Column>
</columns>
<indexes itemClass="oracle.dbtools.crest.model.design.relational.Index">
<ind_PK_UK id="B1C159FC-92B5-1BFF-A210-2607770846C2" name="TBL_VISITAS_PIN_PK">
<createdBy>JackD</createdBy>
<createdTime>2019-02-18 17:57:02 UTC</createdTime>
<ownerDesignName>Diseno Relacional Pinteres</ownerDesignName>
<pk>true</pk>
<indexState>Primary Constraint</indexState>
<isSurrogateKey>false</isSurrogateKey>
<indexColumnUsage>
<colUsage columnID="6E31F3A6-94B0-DA38-52BC-012BECEB1BD1"/>
<colUsage columnID="0B74FA0A-09AB-D2AC-8B04-7C345B3C75C3"/>
</indexColumnUsage>
</ind_PK_UK>
<ind_PK_UK id="7986F695-6946-61F6-237D-2E7335532244" name="VIS_PIN_USU_FK">
<createdBy>JackD</createdBy>
<createdTime>2019-02-18 17:54:24 UTC</createdTime>
<ownerDesignName>Diseno Relacional Pinteres</ownerDesignName>
<indexState>Foreign Key</indexState>
<isSurrogateKey>false</isSurrogateKey>
<indexColumnUsage>
<colUsage columnID="6E31F3A6-94B0-DA38-52BC-012BECEB1BD1"/>
</indexColumnUsage>
</ind_PK_UK>
<ind_PK_UK id="D070D053-DBDE-CBD3-038F-C59273899EA1" name="VIS_PIN_PIN_FK">
<createdBy>JackD</createdBy>
<createdTime>2019-02-18 17:54:50 UTC</createdTime>
<ownerDesignName>Diseno Relacional Pinteres</ownerDesignName>
<indexState>Foreign Key</indexState>
<isSurrogateKey>false</isSurrogateKey>
<indexColumnUsage>
<colUsage columnID="0B74FA0A-09AB-D2AC-8B04-7C345B3C75C3"/>
</indexColumnUsage>
</ind_PK_UK>
<ind_PK_UK id="46A546F8-0C79-7DB0-98E2-7CA597C6090A" name="VIS_PIN_USU_FKv2">
<createdBy>JackD</createdBy>
<createdTime>2019-02-23 22:17:49 UTC</createdTime>
<ownerDesignName>Diseno Relacional Pinteres</ownerDesignName>
<indexState>Foreign Key</indexState>
<isSurrogateKey>false</isSurrogateKey>
<indexColumnUsage>
<colUsage columnID="73BD52AB-37E1-288A-74EC-265B8FF3AE88"/>
</indexColumnUsage>
</ind_PK_UK>
</indexes>
</Table>