<?xml version = '1.0' encoding = 'UTF-8'?>
<Table class="oracle.dbtools.crest.model.design.relational.Table" directorySegmentName="seg_0" id="750EA003-D26F-3D29-8D52-943FF0549052" name="TBL_PINES_X_TEMA">
<createdBy>JackD</createdBy>
<createdTime>2019-02-17 20:03:03 UTC</createdTime>
<ownerDesignName>Diseno Relacional Pinteres</ownerDesignName>
<ordsAlias>table_13</ordsAlias>
<allowColumnReorder>false</allowColumnReorder>
<existDependencyGenerateInDDl>true</existDependencyGenerateInDDl>
<parsed>true</parsed>
<columns itemClass="oracle.dbtools.crest.model.design.relational.Column">
<Column name="CODIGO_PIN" id="30EBE73B-A84B-9450-F5D9-1C231F027751">
<createdBy>JackD</createdBy>
<createdTime>2019-02-17 20:03:42 UTC</createdTime>
<ownerDesignName>Diseno Relacional Pinteres</ownerDesignName>
<useDomainConstraints>false</useDomainConstraints>
<use>1</use>
<logicalDatatype>LOGDT011</logicalDatatype>
<ownDataTypeParameters>,,</ownDataTypeParameters>
<previousColumn>false</previousColumn>
<autoIncrementCycle>false</autoIncrementCycle>
<associations>
<colAssociation fkAssociation="58820B9E-385B-9024-B957-691628714033" referredColumn="56945164-F113-C585-9356-085DA4E9F8EB"/>
</associations>
</Column>
<Column name="CODIGO_TEMA" id="8A564BE1-C6E5-F188-BF71-CA6BE5B7DD0C">
<createdBy>JackD</createdBy>
<createdTime>2019-02-17 20:04:19 UTC</createdTime>
<ownerDesignName>Diseno Relacional Pinteres</ownerDesignName>
<useDomainConstraints>false</useDomainConstraints>
<use>1</use>
<logicalDatatype>LOGDT011</logicalDatatype>
<ownDataTypeParameters>,,</ownDataTypeParameters>
<previousColumn>false</previousColumn>
<autoIncrementCycle>false</autoIncrementCycle>
<associations>
<colAssociation fkAssociation="306E037C-2746-A847-52DA-2042CE43573C" referredColumn="44FF0902-9AC2-01AF-14C0-2915D64CFECB"/>
</associations>
</Column>
</columns>
<indexes itemClass="oracle.dbtools.crest.model.design.relational.Index">
<ind_PK_UK id="770BDA2D-A979-821B-E911-8454A728B2ED" name="PIN_X_TEM_PIN_FK">
<createdBy>JackD</createdBy>
<createdTime>2019-02-17 20:03:42 UTC</createdTime>
<ownerDesignName>Diseno Relacional Pinteres</ownerDesignName>
<indexState>Foreign Key</indexState>
<isSurrogateKey>false</isSurrogateKey>
<indexColumnUsage>
<colUsage columnID="30EBE73B-A84B-9450-F5D9-1C231F027751"/>
</indexColumnUsage>
</ind_PK_UK>
<ind_PK_UK id="8FDBC27E-60DE-430E-861E-6491E7369F0D" name="PIN_X_TEM_TEM_FK">
<createdBy>JackD</createdBy>
<createdTime>2019-02-17 20:04:19 UTC</createdTime>
<ownerDesignName>Diseno Relacional Pinteres</ownerDesignName>
<indexState>Foreign Key</indexState>
<isSurrogateKey>false</isSurrogateKey>
<indexColumnUsage>
<colUsage columnID="8A564BE1-C6E5-F188-BF71-CA6BE5B7DD0C"/>
</indexColumnUsage>
</ind_PK_UK>
</indexes>
</Table>