<?xml version = '1.0' encoding = 'UTF-8'?>
<Table class="oracle.dbtools.crest.model.design.relational.Table" directorySegmentName="seg_0" id="770F1901-ADD9-FA80-7D38-55DCD953E039" name="TBL_SEGUIDORES_X_TABLERO">
<createdBy>J.D.</createdBy>
<createdTime>2019-02-12 15:38:13 UTC</createdTime>
<ownerDesignName>Diseno Relacional Pinteres</ownerDesignName>
<ordsAlias>table_6</ordsAlias>
<allowColumnReorder>false</allowColumnReorder>
<existDependencyGenerateInDDl>true</existDependencyGenerateInDDl>
<parsed>true</parsed>
<columns itemClass="oracle.dbtools.crest.model.design.relational.Column">
<Column name="CODIGO_TABLERO" id="8DCC048E-EA66-653A-DF83-DC5BD28435C2">
<createdBy>J.D.</createdBy>
<createdTime>2019-02-12 15:39:24 UTC</createdTime>
<ownerDesignName>Diseno Relacional Pinteres</ownerDesignName>
<useDomainConstraints>false</useDomainConstraints>
<use>1</use>
<logicalDatatype>LOGDT011</logicalDatatype>
<ownDataTypeParameters>,,</ownDataTypeParameters>
<previousColumn>false</previousColumn>
<autoIncrementCycle>false</autoIncrementCycle>
<associations>
<colAssociation fkAssociation="43AE9824-739B-EFCA-BCD7-03A08AE24A5D" referredColumn="668F24FD-9AC2-C232-BA60-8E519F1DF70B"/>
</associations>
</Column>
<Column name="CODIGOS_USUARIOS" id="2D584CC8-AC9A-F254-6995-BE85A92A5A73">
<createdBy>J.D.</createdBy>
<createdTime>2019-02-12 15:39:54 UTC</createdTime>
<ownerDesignName>Diseno Relacional Pinteres</ownerDesignName>
<useDomainConstraints>false</useDomainConstraints>
<use>1</use>
<logicalDatatype>LOGDT011</logicalDatatype>
<ownDataTypeParameters>,,</ownDataTypeParameters>
<previousColumn>false</previousColumn>
<autoIncrementCycle>false</autoIncrementCycle>
<associations>
<colAssociation fkAssociation="E3E66234-7A48-4E40-42C8-011BEF3DDFC6" referredColumn="472C718A-7B0D-DAF6-0FCE-786EF8B6BAA5"/>
</associations>
</Column>
</columns>
<indexes itemClass="oracle.dbtools.crest.model.design.relational.Index">
<ind_PK_UK id="90180A6D-5A86-75C9-1F7E-9D2163468E62" name="TBL_SEGUIDORES_X_TABLERO_PK">
<createdBy>J.D.</createdBy>
<createdTime>2019-02-12 15:42:39 UTC</createdTime>
<ownerDesignName>Diseno Relacional Pinteres</ownerDesignName>
<pk>true</pk>
<indexState>Primary Constraint</indexState>
<isSurrogateKey>false</isSurrogateKey>
<indexColumnUsage>
<colUsage columnID="8DCC048E-EA66-653A-DF83-DC5BD28435C2"/>
<colUsage columnID="2D584CC8-AC9A-F254-6995-BE85A92A5A73"/>
</indexColumnUsage>
</ind_PK_UK>
<ind_PK_UK id="DAABC802-1920-96CE-C551-B7FB93536BE9" name="SEG_TAB_FK">
<createdBy>J.D.</createdBy>
<createdTime>2019-02-12 15:39:24 UTC</createdTime>
<ownerDesignName>Diseno Relacional Pinteres</ownerDesignName>
<indexState>Foreign Key</indexState>
<isSurrogateKey>false</isSurrogateKey>
<indexColumnUsage>
<colUsage columnID="8DCC048E-EA66-653A-DF83-DC5BD28435C2"/>
</indexColumnUsage>
</ind_PK_UK>
<ind_PK_UK id="6B5968D2-75C6-67EF-FB5E-179E5797D4FC" name="SEG_USU_FK">
<createdBy>J.D.</createdBy>
<createdTime>2019-02-12 15:39:54 UTC</createdTime>
<ownerDesignName>Diseno Relacional Pinteres</ownerDesignName>
<indexState>Foreign Key</indexState>
<isSurrogateKey>false</isSurrogateKey>
<indexColumnUsage>
<colUsage columnID="2D584CC8-AC9A-F254-6995-BE85A92A5A73"/>
</indexColumnUsage>
</ind_PK_UK>
</indexes>
</Table>