<?xml version = '1.0' encoding = 'UTF-8'?>
<Table class="oracle.dbtools.crest.model.design.relational.Table" directorySegmentName="seg_0" id="7A90AD15-D452-1763-13E4-356AA20CF414" name="TBL_ENLACES">
<createdBy>JackD</createdBy>
<createdTime>2019-02-18 17:42:22 UTC</createdTime>
<ownerDesignName>Diseno Relacional Pinteres</ownerDesignName>
<ordsAlias>table_27</ordsAlias>
<allowColumnReorder>false</allowColumnReorder>
<existDependencyGenerateInDDl>true</existDependencyGenerateInDDl>
<parsed>true</parsed>
<columns itemClass="oracle.dbtools.crest.model.design.relational.Column">
<Column name="CODIGO_ENLACE" id="389EE075-DD8C-6E38-9D03-83854E725BA3">
<createdBy>JackD</createdBy>
<createdTime>2019-02-18 17:43:45 UTC</createdTime>
<ownerDesignName>Diseno Relacional Pinteres</ownerDesignName>
<useDomainConstraints>false</useDomainConstraints>
<use>1</use>
<logicalDatatype>LOGDT011</logicalDatatype>
<ownDataTypeParameters>,,</ownDataTypeParameters>
<autoIncrementCycle>false</autoIncrementCycle>
</Column>
<Column name="CODIGOS_USUARIOS_SUBIDA" id="0C1672F0-099E-430E-8329-063828A5FB42">
<createdBy>JackD</createdBy>
<createdTime>2019-02-18 17:44:07 UTC</createdTime>
<ownerDesignName>Diseno Relacional Pinteres</ownerDesignName>
<useDomainConstraints>false</useDomainConstraints>
<use>1</use>
<logicalDatatype>LOGDT011</logicalDatatype>
<ownDataTypeParameters>,,</ownDataTypeParameters>
<previousColumn>false</previousColumn>
<autoIncrementCycle>false</autoIncrementCycle>
<associations>
<colAssociation fkAssociation="05EC18AB-90C7-36B7-2457-75948724B5ED" referredColumn="472C718A-7B0D-DAF6-0FCE-786EF8B6BAA5"/>
</associations>
</Column>
<Column name="FECHA_HORA_ADICION" id="BFF3FDAC-F6BD-8EBB-23AA-5118D9E77EFB">
<createdBy>JackD</createdBy>
<createdTime>2019-02-18 17:43:45 UTC</createdTime>
<ownerDesignName>Diseno Relacional Pinteres</ownerDesignName>
<nullsAllowed>true</nullsAllowed>
<useDomainConstraints>false</useDomainConstraints>
<use>1</use>
<logicalDatatype>LOGDT007</logicalDatatype>
<ownDataTypeParameters>,,</ownDataTypeParameters>
<autoIncrementCycle>false</autoIncrementCycle>
</Column>
<Column name="ENLACE" id="83C4EF87-8EFE-9BDA-FBD8-3E8E2A1A5A6B">
<createdBy>JackD</createdBy>
<createdTime>2019-02-18 17:43:45 UTC</createdTime>
<ownerDesignName>Diseno Relacional Pinteres</ownerDesignName>
<nullsAllowed>true</nullsAllowed>
<useDomainConstraints>false</useDomainConstraints>
<use>1</use>
<logicalDatatype>LOGDT024</logicalDatatype>
<ownDataTypeParameters>,,</ownDataTypeParameters>
<autoIncrementCycle>false</autoIncrementCycle>
</Column>
</columns>
<indexes itemClass="oracle.dbtools.crest.model.design.relational.Index">
<ind_PK_UK id="D6D5A535-AB87-359A-08CE-DA714581191F" name="TBL_ENLACES_PK">
<createdBy>JackD</createdBy>
<createdTime>2019-02-18 17:43:52 UTC</createdTime>
<ownerDesignName>Diseno Relacional Pinteres</ownerDesignName>
<pk>true</pk>
<indexState>Primary Constraint</indexState>
<isSurrogateKey>false</isSurrogateKey>
<indexColumnUsage>
<colUsage columnID="389EE075-DD8C-6E38-9D03-83854E725BA3"/>
</indexColumnUsage>
</ind_PK_UK>
<ind_PK_UK id="12085480-8618-DC79-7766-EE84D2E6142F" name="ENL_USU_FK">
<createdBy>JackD</createdBy>
<createdTime>2019-02-18 17:44:07 UTC</createdTime>
<ownerDesignName>Diseno Relacional Pinteres</ownerDesignName>
<indexState>Foreign Key</indexState>
<isSurrogateKey>false</isSurrogateKey>
<indexColumnUsage>
<colUsage columnID="0C1672F0-099E-430E-8329-063828A5FB42"/>
</indexColumnUsage>
</ind_PK_UK>
</indexes>
</Table>