<?xml version = '1.0' encoding = 'UTF-8'?>
<Table class="oracle.dbtools.crest.model.design.relational.Table" directorySegmentName="seg_0" id="869CE35F-3426-FF0D-C1AA-6BFE53898924" name="NOTIFICACIONES_OFICIALES">
<createdBy>JackD</createdBy>
<createdTime>2019-02-18 18:02:05 UTC</createdTime>
<ownerDesignName>Diseno Relacional Pinteres</ownerDesignName>
<ordsAlias>table_28</ordsAlias>
<allowColumnReorder>false</allowColumnReorder>
<existDependencyGenerateInDDl>true</existDependencyGenerateInDDl>
<parsed>true</parsed>
<columns itemClass="oracle.dbtools.crest.model.design.relational.Column">
<Column name="CODIGO_NOTIFICACION" id="8CF997E9-7071-575F-932B-2A3416A5768B">
<createdBy>JackD</createdBy>
<createdTime>2019-02-25 16:13:14 UTC</createdTime>
<ownerDesignName>Diseno Relacional Pinteres</ownerDesignName>
<useDomainConstraints>false</useDomainConstraints>
<use>1</use>
<logicalDatatype>LOGDT011</logicalDatatype>
<ownDataTypeParameters>,,</ownDataTypeParameters>
<autoIncrementCycle>false</autoIncrementCycle>
</Column>
<Column name="CODIGO_ADMINISTRADOR" id="6A8AAD88-05BD-CFF7-AE29-F5F5419E03DF">
<createdBy>JackD</createdBy>
<createdTime>2019-02-25 16:13:49 UTC</createdTime>
<ownerDesignName>Diseno Relacional Pinteres</ownerDesignName>
<useDomainConstraints>false</useDomainConstraints>
<use>1</use>
<logicalDatatype>LOGDT011</logicalDatatype>
<ownDataTypeParameters>,,</ownDataTypeParameters>
<previousColumn>false</previousColumn>
<autoIncrementCycle>false</autoIncrementCycle>
<associations>
<colAssociation fkAssociation="E1E58427-83BA-25CC-D726-14C597DC303E" referredColumn="B10F7846-5940-C014-7C15-1430B5597837"/>
</associations>
</Column>
<Column name="NOTIFICACION" id="C5FD8980-96B8-AA71-833B-B4D320A5D6DF">
<createdBy>JackD</createdBy>
<createdTime>2019-02-25 16:13:14 UTC</createdTime>
<ownerDesignName>Diseno Relacional Pinteres</ownerDesignName>
<nullsAllowed>true</nullsAllowed>
<useDomainConstraints>false</useDomainConstraints>
<use>1</use>
<logicalDatatype>A3A3C77D-0366-9768-FF89-1C25E56881C8</logicalDatatype>
<ownDataTypeParameters>,,</ownDataTypeParameters>
<autoIncrementCycle>false</autoIncrementCycle>
</Column>
<Column name="FECHA_HORA_NOTIFICACION" id="5C783BFF-51F0-4ECD-EE93-854B82815244">
<createdBy>JackD</createdBy>
<createdTime>2019-02-25 16:13:14 UTC</createdTime>
<ownerDesignName>Diseno Relacional Pinteres</ownerDesignName>
<nullsAllowed>true</nullsAllowed>
<useDomainConstraints>false</useDomainConstraints>
<use>1</use>
<logicalDatatype>LOGDT007</logicalDatatype>
<ownDataTypeParameters>,,</ownDataTypeParameters>
<autoIncrementCycle>false</autoIncrementCycle>
</Column>
</columns>
<indexes itemClass="oracle.dbtools.crest.model.design.relational.Index">
<ind_PK_UK id="28ED3616-94A7-CED9-D055-B28B2900F2D4" name="NOTIFICACIONES_OFICIALES_PK">
<createdBy>JackD</createdBy>
<createdTime>2019-02-25 16:13:22 UTC</createdTime>
<ownerDesignName>Diseno Relacional Pinteres</ownerDesignName>
<pk>true</pk>
<indexState>Primary Constraint</indexState>
<isSurrogateKey>false</isSurrogateKey>
<indexColumnUsage>
<colUsage columnID="8CF997E9-7071-575F-932B-2A3416A5768B"/>
</indexColumnUsage>
</ind_PK_UK>
<ind_PK_UK id="910A10E1-8594-C3E3-DCF1-E7FB5FAF109E" name="NOT_OFI_ADM_FK">
<createdBy>JackD</createdBy>
<createdTime>2019-02-25 16:13:49 UTC</createdTime>
<ownerDesignName>Diseno Relacional Pinteres</ownerDesignName>
<indexState>Foreign Key</indexState>
<isSurrogateKey>false</isSurrogateKey>
<indexColumnUsage>
<colUsage columnID="6A8AAD88-05BD-CFF7-AE29-F5F5419E03DF"/>
</indexColumnUsage>
</ind_PK_UK>
</indexes>
</Table>