<?xml version = '1.0' encoding = 'UTF-8'?>
<Table class="oracle.dbtools.crest.model.design.relational.Table" directorySegmentName="seg_0" id="9AA880F2-447A-AC52-3E2D-1C1313794D8B" name="TBL_PINES_GUARDADOS">
<createdBy>J.D.</createdBy>
<createdTime>2019-02-12 15:46:49 UTC</createdTime>
<ownerDesignName>Diseno Relacional Pinteres</ownerDesignName>
<ordsAlias>table_8</ordsAlias>
<allowColumnReorder>false</allowColumnReorder>
<existDependencyGenerateInDDl>true</existDependencyGenerateInDDl>
<parsed>true</parsed>
<columns itemClass="oracle.dbtools.crest.model.design.relational.Column">
<Column name="CODIGOS_USUARIOS" id="933AC3BB-C2E7-DEF8-4653-17F5CAD365BF">
<createdBy>J.D.</createdBy>
<createdTime>2019-02-12 15:47:12 UTC</createdTime>
<ownerDesignName>Diseno Relacional Pinteres</ownerDesignName>
<useDomainConstraints>false</useDomainConstraints>
<use>1</use>
<logicalDatatype>LOGDT011</logicalDatatype>
<ownDataTypeParameters>,,</ownDataTypeParameters>
<previousColumn>false</previousColumn>
<autoIncrementCycle>false</autoIncrementCycle>
<associations>
<colAssociation fkAssociation="8010E09D-FFA9-FFEF-4450-C55C7ABA72D1" referredColumn="472C718A-7B0D-DAF6-0FCE-786EF8B6BAA5"/>
</associations>
</Column>
<Column name="CODIGO_PIN" id="C0756FEA-E5EF-0EE5-B250-C4F739DB29B2">
<createdBy>J.D.</createdBy>
<createdTime>2019-02-12 15:47:38 UTC</createdTime>
<ownerDesignName>Diseno Relacional Pinteres</ownerDesignName>
<useDomainConstraints>false</useDomainConstraints>
<use>1</use>
<logicalDatatype>LOGDT011</logicalDatatype>
<ownDataTypeParameters>,,</ownDataTypeParameters>
<previousColumn>false</previousColumn>
<autoIncrementCycle>false</autoIncrementCycle>
<associations>
<colAssociation fkAssociation="38D84EE9-6815-DD9B-2030-91D14AF26502" referredColumn="56945164-F113-C585-9356-085DA4E9F8EB"/>
</associations>
</Column>
</columns>
<indexes itemClass="oracle.dbtools.crest.model.design.relational.Index">
<ind_PK_UK id="C819D4E6-4F8B-B9C1-D0D0-B98694A1AB4A" name="TBL_PINES_GUARDADOS_PK">
<createdBy>J.D.</createdBy>
<createdTime>2019-02-12 15:48:38 UTC</createdTime>
<ownerDesignName>Diseno Relacional Pinteres</ownerDesignName>
<pk>true</pk>
<indexState>Primary Constraint</indexState>
<isSurrogateKey>false</isSurrogateKey>
<indexColumnUsage>
<colUsage columnID="933AC3BB-C2E7-DEF8-4653-17F5CAD365BF"/>
<colUsage columnID="C0756FEA-E5EF-0EE5-B250-C4F739DB29B2"/>
</indexColumnUsage>
</ind_PK_UK>
<ind_PK_UK id="2DC882D9-ED93-F446-A788-6A2EF5429692" name="PIN_GUA_USU_FK">
<createdBy>J.D.</createdBy>
<createdTime>2019-02-12 15:47:12 UTC</createdTime>
<ownerDesignName>Diseno Relacional Pinteres</ownerDesignName>
<indexState>Foreign Key</indexState>
<isSurrogateKey>false</isSurrogateKey>
<indexColumnUsage>
<colUsage columnID="933AC3BB-C2E7-DEF8-4653-17F5CAD365BF"/>
</indexColumnUsage>
</ind_PK_UK>
<ind_PK_UK id="629F22EB-A807-E5E7-6B74-680F36B8E081" name="PIN_GUA_PIN_FK">
<createdBy>J.D.</createdBy>
<createdTime>2019-02-12 15:47:38 UTC</createdTime>
<ownerDesignName>Diseno Relacional Pinteres</ownerDesignName>
<indexState>Foreign Key</indexState>
<isSurrogateKey>false</isSurrogateKey>
<indexColumnUsage>
<colUsage columnID="C0756FEA-E5EF-0EE5-B250-C4F739DB29B2"/>
</indexColumnUsage>
</ind_PK_UK>
</indexes>
</Table>