<?xml version = '1.0' encoding = 'UTF-8'?>
<Table class="oracle.dbtools.crest.model.design.relational.Table" directorySegmentName="seg_0" id="A6D3EF63-47F2-7E6E-1E9A-84237E6B5EC1" name="TBL_COLABORADORES_TABLERO">
<createdBy>JackD</createdBy>
<createdTime>2019-02-18 00:10:03 UTC</createdTime>
<ownerDesignName>Diseno Relacional Pinteres</ownerDesignName>
<ordsAlias>table_17</ordsAlias>
<allowColumnReorder>false</allowColumnReorder>
<existDependencyGenerateInDDl>true</existDependencyGenerateInDDl>
<parsed>true</parsed>
<columns itemClass="oracle.dbtools.crest.model.design.relational.Column">
<Column name="CODIGO_TABLERO" id="C2C19788-6D47-21CB-FEAD-8CD35E007AE7">
<createdBy>JackD</createdBy>
<createdTime>2019-02-18 17:28:53 UTC</createdTime>
<ownerDesignName>Diseno Relacional Pinteres</ownerDesignName>
<useDomainConstraints>false</useDomainConstraints>
<use>1</use>
<logicalDatatype>LOGDT011</logicalDatatype>
<ownDataTypeParameters>,,</ownDataTypeParameters>
<previousColumn>false</previousColumn>
<autoIncrementCycle>false</autoIncrementCycle>
<associations>
<colAssociation fkAssociation="018D4ADE-4D65-CFF0-B238-4CAC1CF65C8C" referredColumn="668F24FD-9AC2-C232-BA60-8E519F1DF70B"/>
</associations>
</Column>
<Column name="CODIGOS_USUARIOS" id="5E378FD1-70C9-8470-83ED-1FBD81539435">
<createdBy>JackD</createdBy>
<createdTime>2019-02-18 17:29:26 UTC</createdTime>
<ownerDesignName>Diseno Relacional Pinteres</ownerDesignName>
<useDomainConstraints>false</useDomainConstraints>
<use>1</use>
<logicalDatatype>LOGDT011</logicalDatatype>
<ownDataTypeParameters>,,</ownDataTypeParameters>
<previousColumn>false</previousColumn>
<autoIncrementCycle>false</autoIncrementCycle>
<associations>
<colAssociation fkAssociation="A8FEF2B8-2C7E-DDC2-DC01-FF300D319867" referredColumn="472C718A-7B0D-DAF6-0FCE-786EF8B6BAA5"/>
</associations>
</Column>
</columns>
<indexes itemClass="oracle.dbtools.crest.model.design.relational.Index">
<ind_PK_UK id="7847A063-9D7D-3FFB-1A7C-5BDD7E428CB1" name="TBL_COLABORADORES_TABLERO_PK">
<createdBy>JackD</createdBy>
<createdTime>2019-02-18 17:31:39 UTC</createdTime>
<ownerDesignName>Diseno Relacional Pinteres</ownerDesignName>
<pk>true</pk>
<indexState>Primary Constraint</indexState>
<isSurrogateKey>false</isSurrogateKey>
<indexColumnUsage>
<colUsage columnID="5E378FD1-70C9-8470-83ED-1FBD81539435"/>
<colUsage columnID="C2C19788-6D47-21CB-FEAD-8CD35E007AE7"/>
</indexColumnUsage>
</ind_PK_UK>
<ind_PK_UK id="9E1A1C05-CBA8-63C2-5F30-386EDCDECDEA" name="COL_TAB_TAB_FK">
<createdBy>JackD</createdBy>
<createdTime>2019-02-18 17:28:53 UTC</createdTime>
<ownerDesignName>Diseno Relacional Pinteres</ownerDesignName>
<indexState>Foreign Key</indexState>
<isSurrogateKey>false</isSurrogateKey>
<indexColumnUsage>
<colUsage columnID="C2C19788-6D47-21CB-FEAD-8CD35E007AE7"/>
</indexColumnUsage>
</ind_PK_UK>
<ind_PK_UK id="C575FEDE-0EC8-2611-E745-8D62133FE91A" name="COL_TAB_USU_FK">
<createdBy>JackD</createdBy>
<createdTime>2019-02-18 17:29:26 UTC</createdTime>
<ownerDesignName>Diseno Relacional Pinteres</ownerDesignName>
<indexState>Foreign Key</indexState>
<isSurrogateKey>false</isSurrogateKey>
<indexColumnUsage>
<colUsage columnID="5E378FD1-70C9-8470-83ED-1FBD81539435"/>
</indexColumnUsage>
</ind_PK_UK>
</indexes>
</Table>