<?xml version = '1.0' encoding = 'UTF-8'?>
<Table class="oracle.dbtools.crest.model.design.relational.Table" directorySegmentName="seg_0" id="A73C5DB3-B1DA-4171-CA84-27E7687F9318" name="TBL_USUARIOS_BAN">
<createdBy>JackD</createdBy>
<createdTime>2019-02-18 00:14:54 UTC</createdTime>
<ownerDesignName>Diseno Relacional Pinteres</ownerDesignName>
<ordsAlias>table_21</ordsAlias>
<allowColumnReorder>false</allowColumnReorder>
<existDependencyGenerateInDDl>true</existDependencyGenerateInDDl>
<parsed>true</parsed>
<columns itemClass="oracle.dbtools.crest.model.design.relational.Column">
<Column name="CODIGO_BAN" id="8E6F95E4-5DD5-A6A7-7394-F3CF5C1BC2EC">
<createdBy>JackD</createdBy>
<createdTime>2019-02-25 16:07:40 UTC</createdTime>
<ownerDesignName>Diseno Relacional Pinteres</ownerDesignName>
<useDomainConstraints>false</useDomainConstraints>
<use>1</use>
<logicalDatatype>LOGDT011</logicalDatatype>
<ownDataTypeParameters>,,</ownDataTypeParameters>
<autoIncrementCycle>false</autoIncrementCycle>
</Column>
<Column name="CODIGOS_USUARIO_BAN" id="D443BCD2-D181-203D-70D8-08FC99654ABF">
<createdBy>JackD</createdBy>
<createdTime>2019-02-25 16:07:49 UTC</createdTime>
<ownerDesignName>Diseno Relacional Pinteres</ownerDesignName>
<useDomainConstraints>false</useDomainConstraints>
<use>1</use>
<logicalDatatype>LOGDT011</logicalDatatype>
<ownDataTypeParameters>,,</ownDataTypeParameters>
<previousColumn>false</previousColumn>
<autoIncrementCycle>false</autoIncrementCycle>
<associations>
<colAssociation fkAssociation="6AC854A1-1C28-975D-D990-6445D11D1D4A" referredColumn="472C718A-7B0D-DAF6-0FCE-786EF8B6BAA5"/>
</associations>
</Column>
<Column name="CODIGO_ADMINISTRADOR" id="15AE5C93-FCC0-F846-8579-F08FE45708DC">
<createdBy>JackD</createdBy>
<createdTime>2019-02-25 16:09:55 UTC</createdTime>
<ownerDesignName>Diseno Relacional Pinteres</ownerDesignName>
<useDomainConstraints>false</useDomainConstraints>
<use>1</use>
<logicalDatatype>LOGDT011</logicalDatatype>
<ownDataTypeParameters>,,</ownDataTypeParameters>
<previousColumn>false</previousColumn>
<autoIncrementCycle>false</autoIncrementCycle>
<associations>
<colAssociation fkAssociation="E7547769-33C0-8B2C-6220-D0CD90D5BE81" referredColumn="B10F7846-5940-C014-7C15-1430B5597837"/>
</associations>
</Column>
<Column name="FECHA_HORA_BAN" id="D5A6F31A-F8DD-4AC7-278D-38D72503F494">
<createdBy>JackD</createdBy>
<createdTime>2019-02-25 16:09:08 UTC</createdTime>
<ownerDesignName>Diseno Relacional Pinteres</ownerDesignName>
<nullsAllowed>true</nullsAllowed>
<useDomainConstraints>false</useDomainConstraints>
<use>1</use>
<logicalDatatype>LOGDT007</logicalDatatype>
<ownDataTypeParameters>,,</ownDataTypeParameters>
<autoIncrementCycle>false</autoIncrementCycle>
</Column>
</columns>
<indexes itemClass="oracle.dbtools.crest.model.design.relational.Index">
<ind_PK_UK id="F336A0A4-D8D9-BDE7-C528-0BB865B344D5" name="TBL_USUARIOS_BAN_PK">
<createdBy>JackD</createdBy>
<createdTime>2019-02-25 16:07:40 UTC</createdTime>
<ownerDesignName>Diseno Relacional Pinteres</ownerDesignName>
<pk>true</pk>
<indexState>Primary Constraint</indexState>
<isSurrogateKey>false</isSurrogateKey>
<indexColumnUsage>
<colUsage columnID="8E6F95E4-5DD5-A6A7-7394-F3CF5C1BC2EC"/>
</indexColumnUsage>
</ind_PK_UK>
<ind_PK_UK id="B2203090-89D3-0076-6098-DE4A87917B1D" name="USU_BAN_USU_FK">
<createdBy>JackD</createdBy>
<createdTime>2019-02-25 16:07:49 UTC</createdTime>
<ownerDesignName>Diseno Relacional Pinteres</ownerDesignName>
<indexState>Foreign Key</indexState>
<isSurrogateKey>false</isSurrogateKey>
<indexColumnUsage>
<colUsage columnID="D443BCD2-D181-203D-70D8-08FC99654ABF"/>
</indexColumnUsage>
</ind_PK_UK>
<ind_PK_UK id="1BB84A86-CA5A-46E1-2D63-89A553A8BED3" name="USU_BAN_ADM_FK">
<createdBy>JackD</createdBy>
<createdTime>2019-02-25 16:09:55 UTC</createdTime>
<ownerDesignName>Diseno Relacional Pinteres</ownerDesignName>
<indexState>Foreign Key</indexState>
<isSurrogateKey>false</isSurrogateKey>
<indexColumnUsage>
<colUsage columnID="15AE5C93-FCC0-F846-8579-F08FE45708DC"/>
</indexColumnUsage>
</ind_PK_UK>
</indexes>
</Table>