<?xml version = '1.0' encoding = 'UTF-8'?>
<Table class="oracle.dbtools.crest.model.design.relational.Table" directorySegmentName="seg_0" id="C1DBD360-85D9-EDA9-AD4F-5EF787CA276D" name="TBL_VISITAS_A_USUARIO">
<createdBy>JackD</createdBy>
<createdTime>2019-02-18 00:18:17 UTC</createdTime>
<ownerDesignName>Diseno Relacional Pinteres</ownerDesignName>
<ordsAlias>table_23</ordsAlias>
<allowColumnReorder>false</allowColumnReorder>
<existDependencyGenerateInDDl>true</existDependencyGenerateInDDl>
<parsed>true</parsed>
<columns itemClass="oracle.dbtools.crest.model.design.relational.Column">
<Column name="CODIGOS_USUARIO_VISITANTE" id="616D99E2-C01A-DC2F-4660-00ED1B327C1E">
<createdBy>JackD</createdBy>
<createdTime>2019-02-23 21:59:14 UTC</createdTime>
<ownerDesignName>Diseno Relacional Pinteres</ownerDesignName>
<useDomainConstraints>false</useDomainConstraints>
<use>1</use>
<logicalDatatype>LOGDT011</logicalDatatype>
<ownDataTypeParameters>,,</ownDataTypeParameters>
<previousColumn>false</previousColumn>
<autoIncrementCycle>false</autoIncrementCycle>
<associations>
<colAssociation fkAssociation="CB8B9941-1357-D7F2-7765-A5BA9107B8CA" referredColumn="472C718A-7B0D-DAF6-0FCE-786EF8B6BAA5"/>
</associations>
</Column>
<Column name="CODIGOS_USUARIO_VISITADO" id="62B9630A-E9C5-1398-6CDC-28BAF24C26CA">
<createdBy>JackD</createdBy>
<createdTime>2019-02-23 22:00:12 UTC</createdTime>
<ownerDesignName>Diseno Relacional Pinteres</ownerDesignName>
<useDomainConstraints>false</useDomainConstraints>
<use>1</use>
<logicalDatatype>LOGDT011</logicalDatatype>
<ownDataTypeParameters>,,</ownDataTypeParameters>
<previousColumn>false</previousColumn>
<autoIncrementCycle>false</autoIncrementCycle>
<associations>
<colAssociation fkAssociation="E0E5B6ED-4025-57BC-8B79-37942A489000" referredColumn="472C718A-7B0D-DAF6-0FCE-786EF8B6BAA5"/>
</associations>
</Column>
<Column name="FECHA_HORA" id="8E2BBB6F-A002-6C01-BF54-CB89CAC3D655">
<createdBy>JackD</createdBy>
<createdTime>2019-02-23 21:59:05 UTC</createdTime>
<ownerDesignName>Diseno Relacional Pinteres</ownerDesignName>
<nullsAllowed>true</nullsAllowed>
<useDomainConstraints>false</useDomainConstraints>
<use>1</use>
<logicalDatatype>LOGDT007</logicalDatatype>
<ownDataTypeParameters>,,</ownDataTypeParameters>
<autoIncrementCycle>false</autoIncrementCycle>
</Column>
</columns>
<indexes itemClass="oracle.dbtools.crest.model.design.relational.Index">
<ind_PK_UK id="6FEDB35A-A70E-4664-7A68-70EE06C07337" name="TBL_VISITAS_A_USUARIO_PK">
<createdBy>JackD</createdBy>
<createdTime>2019-02-23 22:00:01 UTC</createdTime>
<ownerDesignName>Diseno Relacional Pinteres</ownerDesignName>
<pk>true</pk>
<indexState>Primary Constraint</indexState>
<isSurrogateKey>false</isSurrogateKey>
<indexColumnUsage>
<colUsage columnID="616D99E2-C01A-DC2F-4660-00ED1B327C1E"/>
<colUsage columnID="62B9630A-E9C5-1398-6CDC-28BAF24C26CA"/>
</indexColumnUsage>
</ind_PK_UK>
<ind_PK_UK id="A97D61D4-5A69-4744-02C1-6967AF213BF6" name="VIS_A_USU_USU_FK">
<createdBy>JackD</createdBy>
<createdTime>2019-02-23 21:59:14 UTC</createdTime>
<ownerDesignName>Diseno Relacional Pinteres</ownerDesignName>
<indexState>Foreign Key</indexState>
<isSurrogateKey>false</isSurrogateKey>
<indexColumnUsage>
<colUsage columnID="616D99E2-C01A-DC2F-4660-00ED1B327C1E"/>
</indexColumnUsage>
</ind_PK_UK>
<ind_PK_UK id="8E053829-17D6-4773-AADC-A41D5ECAB195" name="VIS_USU_USU_FK">
<createdBy>JackD</createdBy>
<createdTime>2019-02-23 22:00:12 UTC</createdTime>
<ownerDesignName>Diseno Relacional Pinteres</ownerDesignName>
<indexState>Foreign Key</indexState>
<isSurrogateKey>false</isSurrogateKey>
<indexColumnUsage>
<colUsage columnID="62B9630A-E9C5-1398-6CDC-28BAF24C26CA"/>
</indexColumnUsage>
</ind_PK_UK>
</indexes>
</Table>