<?xml version = '1.0' encoding = 'UTF-8'?>
<Table class="oracle.dbtools.crest.model.design.relational.Table" directorySegmentName="seg_0" id="C4D54197-94AF-948C-F1FB-CD954F85394F" name="TBL_TABLEROS">
<createdBy>J.D.</createdBy>
<createdTime>2019-02-12 15:29:49 UTC</createdTime>
<ownerDesignName>Diseno Relacional Pinteres</ownerDesignName>
<ordsAlias>table_5</ordsAlias>
<allowColumnReorder>false</allowColumnReorder>
<existDependencyGenerateInDDl>true</existDependencyGenerateInDDl>
<parsed>true</parsed>
<columns itemClass="oracle.dbtools.crest.model.design.relational.Column">
<Column name="CODIGO_TABLERO" id="668F24FD-9AC2-C232-BA60-8E519F1DF70B">
<createdBy>J.D.</createdBy>
<createdTime>2019-02-12 15:30:18 UTC</createdTime>
<ownerDesignName>Diseno Relacional Pinteres</ownerDesignName>
<useDomainConstraints>false</useDomainConstraints>
<use>1</use>
<logicalDatatype>LOGDT011</logicalDatatype>
<ownDataTypeParameters>,,</ownDataTypeParameters>
<autoIncrementCycle>false</autoIncrementCycle>
</Column>
<Column name="CODIGOS_USUARIOS" id="EFFF5826-17A0-CE7E-4A89-2ACDA11E0E40">
<createdBy>J.D.</createdBy>
<createdTime>2019-02-12 15:35:25 UTC</createdTime>
<ownerDesignName>Diseno Relacional Pinteres</ownerDesignName>
<useDomainConstraints>false</useDomainConstraints>
<use>1</use>
<logicalDatatype>LOGDT011</logicalDatatype>
<ownDataTypeParameters>,,</ownDataTypeParameters>
<previousColumn>false</previousColumn>
<autoIncrementCycle>false</autoIncrementCycle>
<associations>
<colAssociation fkAssociation="A9DD0618-4400-A8DE-7FFC-2DF7C0000A49" referredColumn="472C718A-7B0D-DAF6-0FCE-786EF8B6BAA5"/>
</associations>
</Column>
<Column name="CODIGO_TEMA" id="52BE4B17-C2FC-F036-E074-A26F25EC91E4">
<createdBy>JackD</createdBy>
<createdTime>2019-02-17 20:12:36 UTC</createdTime>
<ownerDesignName>Diseno Relacional Pinteres</ownerDesignName>
<nullsAllowed>true</nullsAllowed>
<useDomainConstraints>false</useDomainConstraints>
<use>1</use>
<logicalDatatype>LOGDT011</logicalDatatype>
<ownDataTypeParameters>,,</ownDataTypeParameters>
<previousColumn>false</previousColumn>
<autoIncrementCycle>false</autoIncrementCycle>
<associations>
<colAssociation fkAssociation="DCFFB3DF-0A35-037E-5221-5EBD63A0DE8E" referredColumn="44FF0902-9AC2-01AF-14C0-2915D64CFECB"/>
</associations>
</Column>
<Column name="CODIGO_PRIVACIDAD" id="C0D55C41-D476-8D61-D8DE-143EAAD07913">
<createdBy>JackD</createdBy>
<createdTime>2019-02-18 17:27:07 UTC</createdTime>
<ownerDesignName>Diseno Relacional Pinteres</ownerDesignName>
<useDomainConstraints>false</useDomainConstraints>
<use>1</use>
<logicalDatatype>LOGDT011</logicalDatatype>
<ownDataTypeParameters>,,</ownDataTypeParameters>
<previousColumn>false</previousColumn>
<autoIncrementCycle>false</autoIncrementCycle>
<associations>
<colAssociation fkAssociation="F2D4758A-06E1-4FAB-2CB6-339A76A4A5E0" referredColumn="68DDD7BB-CA5C-A84E-12AE-7E89C2F02112"/>
</associations>
</Column>
<Column name="NOMBRE_TABLERO" id="BC16E1F1-96CF-BE9F-7E7A-5D493F8A0234">
<createdBy>J.D.</createdBy>
<createdTime>2019-02-12 15:33:45 UTC</createdTime>
<ownerDesignName>Diseno Relacional Pinteres</ownerDesignName>
<nullsAllowed>true</nullsAllowed>
<useDomainConstraints>false</useDomainConstraints>
<use>1</use>
<logicalDatatype>LOGDT011</logicalDatatype>
<ownDataTypeParameters>,,</ownDataTypeParameters>
<autoIncrementCycle>false</autoIncrementCycle>
</Column>
<Column name="DESCRIPCION" id="F69EAFAA-9CAF-53A6-D4F8-3AC2B10EEB2B">
<createdBy>J.D.</createdBy>
<createdTime>2019-02-12 15:33:45 UTC</createdTime>
<ownerDesignName>Diseno Relacional Pinteres</ownerDesignName>
<nullsAllowed>true</nullsAllowed>
<useDomainConstraints>false</useDomainConstraints>
<use>1</use>
<logicalDatatype>LOGDT024</logicalDatatype>
<ownDataTypeParameters>,,</ownDataTypeParameters>
<autoIncrementCycle>false</autoIncrementCycle>
</Column>
<Column name="FECHA_HORA_CREACION" id="BE317987-596C-9BFF-472B-F9809DC94F6E">
<createdBy>JackD</createdBy>
<createdTime>2019-02-17 20:19:10 UTC</createdTime>
<ownerDesignName>Diseno Relacional Pinteres</ownerDesignName>
<nullsAllowed>true</nullsAllowed>
<useDomainConstraints>false</useDomainConstraints>
<use>1</use>
<logicalDatatype>LOGDT007</logicalDatatype>
<ownDataTypeParameters>,,</ownDataTypeParameters>
<autoIncrementCycle>false</autoIncrementCycle>
</Column>
</columns>
<indexes itemClass="oracle.dbtools.crest.model.design.relational.Index">
<ind_PK_UK id="ED4CBDE1-9CDA-6041-0CE3-BD677070C33C" name="TBL_TABLEROS_PK">
<createdBy>J.D.</createdBy>
<createdTime>2019-02-12 15:33:45 UTC</createdTime>
<ownerDesignName>Diseno Relacional Pinteres</ownerDesignName>
<pk>true</pk>
<indexState>Primary Constraint</indexState>
<isSurrogateKey>false</isSurrogateKey>
<indexColumnUsage>
<colUsage columnID="668F24FD-9AC2-C232-BA60-8E519F1DF70B"/>
</indexColumnUsage>
</ind_PK_UK>
<ind_PK_UK id="6E14CF98-AB8B-84B7-91DD-B4404C6A0CE7" name="TAB_USU_FK">
<createdBy>J.D.</createdBy>
<createdTime>2019-02-12 15:35:25 UTC</createdTime>
<ownerDesignName>Diseno Relacional Pinteres</ownerDesignName>
<indexState>Foreign Key</indexState>
<isSurrogateKey>false</isSurrogateKey>
<indexColumnUsage>
<colUsage columnID="EFFF5826-17A0-CE7E-4A89-2ACDA11E0E40"/>
</indexColumnUsage>
</ind_PK_UK>
<ind_PK_UK id="1AC609DE-4BB0-1A70-D391-97E075500AEF" name="TAB_TEM_FK">
<createdBy>JackD</createdBy>
<createdTime>2019-02-17 20:12:36 UTC</createdTime>
<ownerDesignName>Diseno Relacional Pinteres</ownerDesignName>
<indexState>Foreign Key</indexState>
<isSurrogateKey>false</isSurrogateKey>
<indexColumnUsage>
<colUsage columnID="52BE4B17-C2FC-F036-E074-A26F25EC91E4"/>
</indexColumnUsage>
</ind_PK_UK>
<ind_PK_UK id="0369C100-1B35-F487-A912-B0571156C347" name="TAB_PRI_TAB_FK">
<createdBy>JackD</createdBy>
<createdTime>2019-02-18 17:27:07 UTC</createdTime>
<ownerDesignName>Diseno Relacional Pinteres</ownerDesignName>
<indexState>Foreign Key</indexState>
<isSurrogateKey>false</isSurrogateKey>
<indexColumnUsage>
<colUsage columnID="C0D55C41-D476-8D61-D8DE-143EAAD07913"/>
</indexColumnUsage>
</ind_PK_UK>
</indexes>
</Table>