<?xml version = '1.0' encoding = 'UTF-8'?>
<Table class="oracle.dbtools.crest.model.design.relational.Table" directorySegmentName="seg_0" id="C7E57F66-0997-5AAF-3964-4DBA758A6EDC" name="TBL_PRIVACIDAD_TABLERO">
<createdBy>JackD</createdBy>
<createdTime>2019-02-18 00:11:22 UTC</createdTime>
<ownerDesignName>Diseno Relacional Pinteres</ownerDesignName>
<ordsAlias>table_18</ordsAlias>
<allowColumnReorder>false</allowColumnReorder>
<existDependencyGenerateInDDl>true</existDependencyGenerateInDDl>
<parsed>true</parsed>
<columns itemClass="oracle.dbtools.crest.model.design.relational.Column">
<Column name="CODIGO_PRIVACIDAD" id="68DDD7BB-CA5C-A84E-12AE-7E89C2F02112">
<createdBy>JackD</createdBy>
<createdTime>2019-02-18 17:26:36 UTC</createdTime>
<ownerDesignName>Diseno Relacional Pinteres</ownerDesignName>
<useDomainConstraints>false</useDomainConstraints>
<use>1</use>
<logicalDatatype>LOGDT011</logicalDatatype>
<ownDataTypeParameters>,,</ownDataTypeParameters>
<autoIncrementCycle>false</autoIncrementCycle>
</Column>
<Column name="NOMBRE_PRIVACIDAD" id="1FA42ECC-94EE-DF1D-03BE-376B54C5FD54">
<createdBy>JackD</createdBy>
<createdTime>2019-02-18 17:26:57 UTC</createdTime>
<ownerDesignName>Diseno Relacional Pinteres</ownerDesignName>
<nullsAllowed>true</nullsAllowed>
<useDomainConstraints>false</useDomainConstraints>
<use>1</use>
<logicalDatatype>LOGDT024</logicalDatatype>
<ownDataTypeParameters>,,</ownDataTypeParameters>
<autoIncrementCycle>false</autoIncrementCycle>
</Column>
</columns>
<indexes itemClass="oracle.dbtools.crest.model.design.relational.Index">
<ind_PK_UK id="6B31B59C-91AF-6E19-79E1-FFBE6AD6CE97" name="TBL_PRIVACIDAD_TABLERO_PK">
<createdBy>JackD</createdBy>
<createdTime>2019-02-18 17:26:57 UTC</createdTime>
<ownerDesignName>Diseno Relacional Pinteres</ownerDesignName>
<pk>true</pk>
<indexState>Primary Constraint</indexState>
<isSurrogateKey>false</isSurrogateKey>
<indexColumnUsage>
<colUsage columnID="68DDD7BB-CA5C-A84E-12AE-7E89C2F02112"/>
</indexColumnUsage>
</ind_PK_UK>
</indexes>
</Table>