<?xml version = '1.0' encoding = 'UTF-8'?>
<Table class="oracle.dbtools.crest.model.design.relational.Table" directorySegmentName="seg_0" id="CCAB104A-3E2C-FBDF-350D-8F02B09C207C" name="TBL_PINES_X_TABLERO">
<createdBy>JackD</createdBy>
<createdTime>2019-02-17 20:07:03 UTC</createdTime>
<ownerDesignName>Diseno Relacional Pinteres</ownerDesignName>
<ordsAlias>table_14</ordsAlias>
<allowColumnReorder>false</allowColumnReorder>
<existDependencyGenerateInDDl>true</existDependencyGenerateInDDl>
<parsed>true</parsed>
<columns itemClass="oracle.dbtools.crest.model.design.relational.Column">
<Column name="CODIGO_PIN" id="EABCFE32-7418-9538-3FC8-1785EC0A2834">
<createdBy>JackD</createdBy>
<createdTime>2019-02-17 20:07:26 UTC</createdTime>
<ownerDesignName>Diseno Relacional Pinteres</ownerDesignName>
<useDomainConstraints>false</useDomainConstraints>
<use>1</use>
<logicalDatatype>LOGDT011</logicalDatatype>
<ownDataTypeParameters>,,</ownDataTypeParameters>
<previousColumn>false</previousColumn>
<autoIncrementCycle>false</autoIncrementCycle>
<associations>
<colAssociation fkAssociation="4090F60B-AC40-5C1F-7B56-DCC067EE64AB" referredColumn="56945164-F113-C585-9356-085DA4E9F8EB"/>
</associations>
</Column>
<Column name="CODIGO_TABLERO" id="EF3382A2-0B5B-4B1E-0D79-5653E87CFE79">
<createdBy>JackD</createdBy>
<createdTime>2019-02-17 20:08:00 UTC</createdTime>
<ownerDesignName>Diseno Relacional Pinteres</ownerDesignName>
<useDomainConstraints>false</useDomainConstraints>
<use>1</use>
<logicalDatatype>LOGDT011</logicalDatatype>
<ownDataTypeParameters>,,</ownDataTypeParameters>
<previousColumn>false</previousColumn>
<autoIncrementCycle>false</autoIncrementCycle>
<associations>
<colAssociation fkAssociation="D53C4A86-BFE0-B08B-070E-2FFFA80A6B0C" referredColumn="668F24FD-9AC2-C232-BA60-8E519F1DF70B"/>
</associations>
</Column>
</columns>
<indexes itemClass="oracle.dbtools.crest.model.design.relational.Index">
<ind_PK_UK id="4CBCC771-7EA4-F180-1C3F-A52089DAEF6D" name="PIN_X_TAB_PIN_FK">
<createdBy>JackD</createdBy>
<createdTime>2019-02-17 20:07:26 UTC</createdTime>
<ownerDesignName>Diseno Relacional Pinteres</ownerDesignName>
<indexState>Foreign Key</indexState>
<isSurrogateKey>false</isSurrogateKey>
<indexColumnUsage>
<colUsage columnID="EABCFE32-7418-9538-3FC8-1785EC0A2834"/>
</indexColumnUsage>
</ind_PK_UK>
<ind_PK_UK id="ADA4A044-D973-BABD-3018-F0A2849A917D" name="PIN_X_TAB_TAB_FK">
<createdBy>JackD</createdBy>
<createdTime>2019-02-17 20:08:00 UTC</createdTime>
<ownerDesignName>Diseno Relacional Pinteres</ownerDesignName>
<indexState>Foreign Key</indexState>
<isSurrogateKey>false</isSurrogateKey>
<indexColumnUsage>
<colUsage columnID="EF3382A2-0B5B-4B1E-0D79-5653E87CFE79"/>
</indexColumnUsage>
</ind_PK_UK>
</indexes>
</Table>