<?xml version = '1.0' encoding = 'UTF-8'?>
<Table class="oracle.dbtools.crest.model.design.relational.Table" directorySegmentName="seg_0" id="D94FFE4E-F52C-8CF0-5517-E996427D74E4" name="TBL_DENUNCIAS_PIN">
<createdBy>JackD</createdBy>
<createdTime>2019-02-18 00:06:04 UTC</createdTime>
<ownerDesignName>Diseno Relacional Pinteres</ownerDesignName>
<ordsAlias>table_15</ordsAlias>
<allowColumnReorder>false</allowColumnReorder>
<existDependencyGenerateInDDl>true</existDependencyGenerateInDDl>
<parsed>true</parsed>
<columns itemClass="oracle.dbtools.crest.model.design.relational.Column">
<Column name="CODIGOS_USUARIOS" id="ABF1BD4B-6F14-C029-86D7-B01E97AAC652">
<createdBy>JackD</createdBy>
<createdTime>2019-02-18 17:36:19 UTC</createdTime>
<ownerDesignName>Diseno Relacional Pinteres</ownerDesignName>
<useDomainConstraints>false</useDomainConstraints>
<use>1</use>
<logicalDatatype>LOGDT011</logicalDatatype>
<ownDataTypeParameters>,,</ownDataTypeParameters>
<previousColumn>false</previousColumn>
<autoIncrementCycle>false</autoIncrementCycle>
<associations>
<colAssociation fkAssociation="1AC6130D-7E21-E7ED-075E-D1C294F92455" referredColumn="472C718A-7B0D-DAF6-0FCE-786EF8B6BAA5"/>
</associations>
</Column>
<Column name="CODIGO_PIN" id="42BFADAE-F1CD-B9B7-CC0E-0D4010925B54">
<createdBy>JackD</createdBy>
<createdTime>2019-02-18 17:37:30 UTC</createdTime>
<ownerDesignName>Diseno Relacional Pinteres</ownerDesignName>
<useDomainConstraints>false</useDomainConstraints>
<use>1</use>
<logicalDatatype>LOGDT011</logicalDatatype>
<ownDataTypeParameters>,,</ownDataTypeParameters>
<previousColumn>false</previousColumn>
<autoIncrementCycle>false</autoIncrementCycle>
<associations>
<colAssociation fkAssociation="B0C6F492-34C6-82FD-2400-0F4502BCAE8A" referredColumn="56945164-F113-C585-9356-085DA4E9F8EB"/>
</associations>
</Column>
<Column name="FECHA_HORA_DENUNCIA" id="618FFC8F-9C9A-B9C5-E9A6-C21BBCD840CC">
<createdBy>JackD</createdBy>
<createdTime>2019-02-18 00:13:15 UTC</createdTime>
<ownerDesignName>Diseno Relacional Pinteres</ownerDesignName>
<nullsAllowed>true</nullsAllowed>
<useDomainConstraints>false</useDomainConstraints>
<use>1</use>
<logicalDatatype>LOGDT007</logicalDatatype>
<ownDataTypeParameters>,,</ownDataTypeParameters>
<autoIncrementCycle>false</autoIncrementCycle>
</Column>
<Column name="NOMBRE_DENUNCIA" id="52F2E1CB-3CEB-4C6C-83B4-B6222E37625B">
<createdBy>JackD</createdBy>
<createdTime>2019-02-18 17:32:42 UTC</createdTime>
<ownerDesignName>Diseno Relacional Pinteres</ownerDesignName>
<nullsAllowed>true</nullsAllowed>
<useDomainConstraints>false</useDomainConstraints>
<use>1</use>
<logicalDatatype>LOGDT024</logicalDatatype>
<ownDataTypeParameters>,,</ownDataTypeParameters>
<autoIncrementCycle>false</autoIncrementCycle>
</Column>
</columns>
<indexes itemClass="oracle.dbtools.crest.model.design.relational.Index">
<ind_PK_UK id="F85989CD-FAE1-546B-8611-4AF2EB036007" name="DEN_PIN_USU_FK">
<createdBy>JackD</createdBy>
<createdTime>2019-02-18 17:36:19 UTC</createdTime>
<ownerDesignName>Diseno Relacional Pinteres</ownerDesignName>
<indexState>Foreign Key</indexState>
<isSurrogateKey>false</isSurrogateKey>
<indexColumnUsage>
<colUsage columnID="ABF1BD4B-6F14-C029-86D7-B01E97AAC652"/>
</indexColumnUsage>
</ind_PK_UK>
<ind_PK_UK id="83857020-61F5-4584-DCC5-5B7082442D5B" name="DEN_PIN_PIN_FK">
<createdBy>JackD</createdBy>
<createdTime>2019-02-18 17:37:30 UTC</createdTime>
<ownerDesignName>Diseno Relacional Pinteres</ownerDesignName>
<indexState>Foreign Key</indexState>
<isSurrogateKey>false</isSurrogateKey>
<indexColumnUsage>
<colUsage columnID="42BFADAE-F1CD-B9B7-CC0E-0D4010925B54"/>
</indexColumnUsage>
</ind_PK_UK>
</indexes>
</Table>