<?xml version = '1.0' encoding = 'UTF-8'?>
<Table class="oracle.dbtools.crest.model.design.relational.Table" directorySegmentName="seg_0" id="E6F03059-7350-8AAF-2F20-7918DC3FB422" name="TBL_NOTIFICACIONES">
<createdBy>JackD</createdBy>
<createdTime>2019-02-18 00:08:12 UTC</createdTime>
<ownerDesignName>Diseno Relacional Pinteres</ownerDesignName>
<ordsAlias>table_16</ordsAlias>
<allowColumnReorder>false</allowColumnReorder>
<existDependencyGenerateInDDl>true</existDependencyGenerateInDDl>
<parsed>true</parsed>
<columns itemClass="oracle.dbtools.crest.model.design.relational.Column">
<Column name="CODIGO_NOTIFICACION" id="B3D492ED-C194-2960-70E6-0ABAB596366C">
<createdBy>JackD</createdBy>
<createdTime>2019-02-23 22:06:37 UTC</createdTime>
<ownerDesignName>Diseno Relacional Pinteres</ownerDesignName>
<useDomainConstraints>false</useDomainConstraints>
<use>1</use>
<logicalDatatype>LOGDT011</logicalDatatype>
<ownDataTypeParameters>,,</ownDataTypeParameters>
<autoIncrementCycle>false</autoIncrementCycle>
</Column>
<Column name="CODIGOS_USUARIOS" id="61521E73-E75B-87A4-BE18-04F9EDA92E96">
<createdBy>JackD</createdBy>
<createdTime>2019-02-23 22:06:48 UTC</createdTime>
<ownerDesignName>Diseno Relacional Pinteres</ownerDesignName>
<useDomainConstraints>false</useDomainConstraints>
<use>1</use>
<logicalDatatype>LOGDT011</logicalDatatype>
<ownDataTypeParameters>,,</ownDataTypeParameters>
<previousColumn>false</previousColumn>
<autoIncrementCycle>false</autoIncrementCycle>
<associations>
<colAssociation fkAssociation="E6D6A8AE-4FBB-5FE4-E9B1-9921525EA265" referredColumn="472C718A-7B0D-DAF6-0FCE-786EF8B6BAA5"/>
</associations>
</Column>
<Column name="FECHA_HORA_NOTIFICACION" id="691B566E-BE69-5D39-C81B-EC4E1B70579E">
<createdBy>JackD</createdBy>
<createdTime>2019-02-23 22:06:37 UTC</createdTime>
<ownerDesignName>Diseno Relacional Pinteres</ownerDesignName>
<nullsAllowed>true</nullsAllowed>
<useDomainConstraints>false</useDomainConstraints>
<use>1</use>
<logicalDatatype>LOGDT007</logicalDatatype>
<ownDataTypeParameters>,,</ownDataTypeParameters>
<autoIncrementCycle>false</autoIncrementCycle>
</Column>
<Column name="NOTIFICACION" id="700100D1-2BF0-EF6A-E8F7-364B5607C600">
<createdBy>JackD</createdBy>
<createdTime>2019-02-23 22:08:13 UTC</createdTime>
<ownerDesignName>Diseno Relacional Pinteres</ownerDesignName>
<nullsAllowed>true</nullsAllowed>
<useDomainConstraints>false</useDomainConstraints>
<use>1</use>
<logicalDatatype>LOGDT024</logicalDatatype>
<ownDataTypeParameters>,,</ownDataTypeParameters>
<autoIncrementCycle>false</autoIncrementCycle>
</Column>
<Column name="ESTADO_NOTIFICACION" id="91159244-27DF-4088-C045-26DD5A91C846">
<createdBy>JackD</createdBy>
<createdTime>2019-02-23 22:10:47 UTC</createdTime>
<ownerDesignName>Diseno Relacional Pinteres</ownerDesignName>
<useDomainConstraints>false</useDomainConstraints>
<use>1</use>
<logicalDatatype>LOGDT011</logicalDatatype>
<ownDataTypeParameters>,,</ownDataTypeParameters>
<previousColumn>false</previousColumn>
<autoIncrementCycle>false</autoIncrementCycle>
<associations>
<colAssociation fkAssociation="33F976FC-B393-DA7D-7D3B-5CA1945F13AC" referredColumn="DD8BD2B7-E6EA-CAF4-132C-D27315849B50"/>
</associations>
</Column>
</columns>
<indexes itemClass="oracle.dbtools.crest.model.design.relational.Index">
<ind_PK_UK id="D11B746C-9876-E0A5-85BE-18984F5E76D1" name="TBL_NOTIFICACIONES_PK">
<createdBy>JackD</createdBy>
<createdTime>2019-02-23 22:06:37 UTC</createdTime>
<ownerDesignName>Diseno Relacional Pinteres</ownerDesignName>
<pk>true</pk>
<indexState>Primary Constraint</indexState>
<isSurrogateKey>false</isSurrogateKey>
<indexColumnUsage>
<colUsage columnID="B3D492ED-C194-2960-70E6-0ABAB596366C"/>
</indexColumnUsage>
</ind_PK_UK>
<ind_PK_UK id="209BFD2E-8788-A91C-DD09-386C3CA0DD7A" name="NOT_USU_FK">
<createdBy>JackD</createdBy>
<createdTime>2019-02-23 22:06:48 UTC</createdTime>
<ownerDesignName>Diseno Relacional Pinteres</ownerDesignName>
<indexState>Foreign Key</indexState>
<isSurrogateKey>false</isSurrogateKey>
<indexColumnUsage>
<colUsage columnID="61521E73-E75B-87A4-BE18-04F9EDA92E96"/>
</indexColumnUsage>
</ind_PK_UK>
<ind_PK_UK id="E563AADA-C617-5E9A-4997-1DEDF0E1197E" name="NOT_EST_NOT_FK">
<createdBy>JackD</createdBy>
<createdTime>2019-02-23 22:10:47 UTC</createdTime>
<ownerDesignName>Diseno Relacional Pinteres</ownerDesignName>
<indexState>Foreign Key</indexState>
<isSurrogateKey>false</isSurrogateKey>
<indexColumnUsage>
<colUsage columnID="91159244-27DF-4088-C045-26DD5A91C846"/>
</indexColumnUsage>
</ind_PK_UK>
</indexes>
</Table>