<?xml version = '1.0' encoding = 'UTF-8'?>
<Table class="oracle.dbtools.crest.model.design.relational.Table" directorySegmentName="seg_0" id="EDD3F244-8E5C-B994-E5E1-27395FCF7E5D" name="TBL_ADMINISTRADORES">
<createdBy>JackD</createdBy>
<createdTime>2019-02-25 16:01:03 UTC</createdTime>
<ownerDesignName>Diseno Relacional Pinteres</ownerDesignName>
<ordsAlias>table_29</ordsAlias>
<allowColumnReorder>false</allowColumnReorder>
<existDependencyGenerateInDDl>true</existDependencyGenerateInDDl>
<parsed>true</parsed>
<columns itemClass="oracle.dbtools.crest.model.design.relational.Column">
<Column name="CODIGO_ADMINISTRADOR" id="B10F7846-5940-C014-7C15-1430B5597837">
<createdBy>JackD</createdBy>
<createdTime>2019-02-25 16:01:59 UTC</createdTime>
<ownerDesignName>Diseno Relacional Pinteres</ownerDesignName>
<useDomainConstraints>false</useDomainConstraints>
<use>1</use>
<logicalDatatype>LOGDT011</logicalDatatype>
<ownDataTypeParameters>,,</ownDataTypeParameters>
<autoIncrementCycle>false</autoIncrementCycle>
</Column>
<Column name="CORREO_ADMIN" id="718EE0A4-35EE-8E1C-5E34-A836964BA3BC">
<createdBy>JackD</createdBy>
<createdTime>2019-02-25 16:05:52 UTC</createdTime>
<ownerDesignName>Diseno Relacional Pinteres</ownerDesignName>
<useDomainConstraints>false</useDomainConstraints>
<use>1</use>
<logicalDatatype>LOGDT024</logicalDatatype>
<dataTypeSize>100</dataTypeSize>
<ownDataTypeParameters>100,,</ownDataTypeParameters>
<autoIncrementCycle>false</autoIncrementCycle>
</Column>
<Column name="NOMBRE_USUARIO_ADMIN" id="24B4CFC2-E771-3A76-39CC-7D77F531B0DC">
<createdBy>JackD</createdBy>
<createdTime>2019-02-25 16:05:52 UTC</createdTime>
<ownerDesignName>Diseno Relacional Pinteres</ownerDesignName>
<useDomainConstraints>false</useDomainConstraints>
<use>1</use>
<logicalDatatype>LOGDT024</logicalDatatype>
<dataTypeSize>100</dataTypeSize>
<ownDataTypeParameters>100,,</ownDataTypeParameters>
<autoIncrementCycle>false</autoIncrementCycle>
</Column>
<Column name="NOMBRE_ADMIN" id="9173F3C4-7BEA-0839-5B16-B715525CD9D4">
<createdBy>JackD</createdBy>
<createdTime>2019-02-25 16:05:52 UTC</createdTime>
<ownerDesignName>Diseno Relacional Pinteres</ownerDesignName>
<useDomainConstraints>false</useDomainConstraints>
<use>1</use>
<logicalDatatype>LOGDT024</logicalDatatype>
<dataTypeSize>200</dataTypeSize>
<ownDataTypeParameters>200,,</ownDataTypeParameters>
<autoIncrementCycle>false</autoIncrementCycle>
</Column>
<Column name="CONTRASEÑA_ADMIN" id="FFD0C159-B8CC-5C62-322C-F10B472917F2">
<createdBy>JackD</createdBy>
<createdTime>2019-02-25 16:05:52 UTC</createdTime>
<ownerDesignName>Diseno Relacional Pinteres</ownerDesignName>
<useDomainConstraints>false</useDomainConstraints>
<use>1</use>
<logicalDatatype>LOGDT024</logicalDatatype>
<dataTypeSize>100</dataTypeSize>
<ownDataTypeParameters>100,,</ownDataTypeParameters>
<autoIncrementCycle>false</autoIncrementCycle>
</Column>
</columns>
<indexes itemClass="oracle.dbtools.crest.model.design.relational.Index">
<ind_PK_UK id="37DA3D2A-F617-9137-51C4-1B1CE4A131F6" name="TBL_ADMINISTRADORES_PK">
<createdBy>JackD</createdBy>
<createdTime>2019-02-25 16:01:59 UTC</createdTime>
<ownerDesignName>Diseno Relacional Pinteres</ownerDesignName>
<pk>true</pk>
<indexState>Primary Constraint</indexState>
<isSurrogateKey>false</isSurrogateKey>
<indexColumnUsage>
<colUsage columnID="B10F7846-5940-C014-7C15-1430B5597837"/>
</indexColumnUsage>
</ind_PK_UK>
<ind_PK_UK id="EB8FA284-6BF4-CCC5-ACB0-CCCE0A3AE96F" name="TBL_ADMINISTRADORES__UN">
<createdBy>JackD</createdBy>
<createdTime>2019-02-25 16:05:52 UTC</createdTime>
<ownerDesignName>Diseno Relacional Pinteres</ownerDesignName>
<indexState>Unique Constraint</indexState>
<isSurrogateKey>false</isSurrogateKey>
<indexColumnUsage>
<colUsage columnID="718EE0A4-35EE-8E1C-5E34-A836964BA3BC"/>
<colUsage columnID="24B4CFC2-E771-3A76-39CC-7D77F531B0DC"/>
</indexColumnUsage>
</ind_PK_UK>
</indexes>
</Table>