<?xml version = '1.0' encoding = 'UTF-8'?>
<Table class="oracle.dbtools.crest.model.design.relational.Table" directorySegmentName="seg_0" id="EF1136D2-533F-2BFD-C3C3-4E0278A36950" name="TBL_USUARIOS">
<createdBy>J.D.</createdBy>
<createdTime>2019-02-12 01:15:34 UTC</createdTime>
<ownerDesignName>Diseno Relacional Pinteres</ownerDesignName>
<ordsAlias>table_1</ordsAlias>
<allowColumnReorder>false</allowColumnReorder>
<existDependencyGenerateInDDl>true</existDependencyGenerateInDDl>
<parsed>true</parsed>
<columns itemClass="oracle.dbtools.crest.model.design.relational.Column">
<Column name="CODIGOS_USUARIOS" id="472C718A-7B0D-DAF6-0FCE-786EF8B6BAA5">
<createdBy>J.D.</createdBy>
<createdTime>2019-02-12 01:18:13 UTC</createdTime>
<ownerDesignName>Diseno Relacional Pinteres</ownerDesignName>
<useDomainConstraints>false</useDomainConstraints>
<use>1</use>
<logicalDatatype>LOGDT011</logicalDatatype>
<ownDataTypeParameters>,,</ownDataTypeParameters>
<autoIncrementCycle>false</autoIncrementCycle>
</Column>
<Column name="CODIGO_FOTO" id="588B1967-B271-8027-5269-3AFFC00156A7">
<createdBy>JackD</createdBy>
<createdTime>2019-02-18 00:00:44 UTC</createdTime>
<ownerDesignName>Diseno Relacional Pinteres</ownerDesignName>
<useDomainConstraints>false</useDomainConstraints>
<use>1</use>
<logicalDatatype>LOGDT011</logicalDatatype>
<ownDataTypeParameters>,,</ownDataTypeParameters>
<previousColumn>false</previousColumn>
<autoIncrementCycle>false</autoIncrementCycle>
<associations>
<colAssociation fkAssociation="1851F032-AE11-C901-63C1-6DA12F752230" referredColumn="C21BE082-3AEE-D92B-688A-9CB2FD33B5CF"/>
</associations>
</Column>
<Column name="DISPONIBILIDAD_USUARIO" id="13AB84B5-6AEE-E7F7-85E7-F32BF5E4F968">
<createdBy>JackD</createdBy>
<createdTime>2019-02-23 22:14:23 UTC</createdTime>
<ownerDesignName>Diseno Relacional Pinteres</ownerDesignName>
<useDomainConstraints>false</useDomainConstraints>
<use>1</use>
<logicalDatatype>LOGDT011</logicalDatatype>
<ownDataTypeParameters>,,</ownDataTypeParameters>
<previousColumn>false</previousColumn>
<autoIncrementCycle>false</autoIncrementCycle>
<associations>
<colAssociation fkAssociation="22211776-B0CD-BCCC-F2D6-CEE3C4142327" referredColumn="00662105-B8FE-68D7-D754-FA521B91D0DE"/>
</associations>
</Column>
<Column name="CODIGO_TEMAS" id="4098C14E-0CED-9A6B-B2DD-C90DBBAB79DD">
<createdBy>J.D.</createdBy>
<createdTime>2019-02-12 01:22:01 UTC</createdTime>
<ownerDesignName>Diseno Relacional Pinteres</ownerDesignName>
<nullsAllowed>true</nullsAllowed>
<useDomainConstraints>false</useDomainConstraints>
<use>1</use>
<logicalDatatype>LOGDT011</logicalDatatype>
<ownDataTypeParameters>,,</ownDataTypeParameters>
<autoIncrementCycle>false</autoIncrementCycle>
</Column>
<Column name="NOTAS" id="106A05BC-A402-6BDA-5496-ACCB75937725">
<createdBy>J.D.</createdBy>
<createdTime>2019-02-12 01:22:01 UTC</createdTime>
<ownerDesignName>Diseno Relacional Pinteres</ownerDesignName>
<nullsAllowed>true</nullsAllowed>
<useDomainConstraints>false</useDomainConstraints>
<use>1</use>
<logicalDatatype>LOGDT011</logicalDatatype>
<ownDataTypeParameters>,,</ownDataTypeParameters>
<autoIncrementCycle>false</autoIncrementCycle>
</Column>
<Column name="SEGUIDOS" id="B50BA875-1E21-2FF1-78CB-20E62932D4A6">
<createdBy>J.D.</createdBy>
<createdTime>2019-02-12 01:34:30 UTC</createdTime>
<ownerDesignName>Diseno Relacional Pinteres</ownerDesignName>
<nullsAllowed>true</nullsAllowed>
<useDomainConstraints>false</useDomainConstraints>
<use>1</use>
<logicalDatatype>LOGDT011</logicalDatatype>
<ownDataTypeParameters>,,</ownDataTypeParameters>
<autoIncrementCycle>false</autoIncrementCycle>
</Column>
<Column name="TABLEROS_SEGUIDOS" id="6FE15CAF-F727-52C2-1570-CC334B6ACF64">
<createdBy>J.D.</createdBy>
<createdTime>2019-02-12 01:34:30 UTC</createdTime>
<ownerDesignName>Diseno Relacional Pinteres</ownerDesignName>
<nullsAllowed>true</nullsAllowed>
<useDomainConstraints>false</useDomainConstraints>
<use>1</use>
<logicalDatatype>LOGDT011</logicalDatatype>
<ownDataTypeParameters>,,</ownDataTypeParameters>
<autoIncrementCycle>false</autoIncrementCycle>
</Column>
<Column name="NOMBRE_USUARIO" id="C142B131-35AF-9B1A-70B5-47D07A28FDB7">
<createdBy>JackD</createdBy>
<createdTime>2019-02-17 23:58:12 UTC</createdTime>
<ownerDesignName>Diseno Relacional Pinteres</ownerDesignName>
<nullsAllowed>true</nullsAllowed>
<useDomainConstraints>false</useDomainConstraints>
<use>1</use>
<logicalDatatype>A3A3C77D-0366-9768-FF89-1C25E56881C8</logicalDatatype>
<ownDataTypeParameters>,,</ownDataTypeParameters>
<autoIncrementCycle>false</autoIncrementCycle>
</Column>
<Column name="CORREO" id="35DFF2D2-DD00-553B-4EBE-73911AB19535">
<createdBy>JackD</createdBy>
<createdTime>2019-02-17 23:58:12 UTC</createdTime>
<ownerDesignName>Diseno Relacional Pinteres</ownerDesignName>
<nullsAllowed>true</nullsAllowed>
<useDomainConstraints>false</useDomainConstraints>
<use>1</use>
<logicalDatatype>LOGDT024</logicalDatatype>
<ownDataTypeParameters>,,</ownDataTypeParameters>
<autoIncrementCycle>false</autoIncrementCycle>
</Column>
<Column name="CONTRASEÑA" id="B064F3E4-BC69-ACC7-81EB-C8F73655C1E1">
<createdBy>JackD</createdBy>
<createdTime>2019-02-17 23:58:12 UTC</createdTime>
<ownerDesignName>Diseno Relacional Pinteres</ownerDesignName>
<nullsAllowed>true</nullsAllowed>
<useDomainConstraints>false</useDomainConstraints>
<use>1</use>
<logicalDatatype>LOGDT024</logicalDatatype>
<ownDataTypeParameters>,,</ownDataTypeParameters>
<autoIncrementCycle>false</autoIncrementCycle>
</Column>
<Column name="EDAD" id="5DEA5ED2-98B9-385C-18F0-9BFF4A8A35E3">
<createdBy>JackD</createdBy>
<createdTime>2019-02-17 23:58:12 UTC</createdTime>
<ownerDesignName>Diseno Relacional Pinteres</ownerDesignName>
<nullsAllowed>true</nullsAllowed>
<useDomainConstraints>false</useDomainConstraints>
<use>1</use>
<logicalDatatype>LOGDT024</logicalDatatype>
<ownDataTypeParameters>,,</ownDataTypeParameters>
<autoIncrementCycle>false</autoIncrementCycle>
</Column>
<Column name="INFORMACION_EXTRA" id="F34F4C55-1FEA-7F4F-2E9A-B49AB2A9F140">
<createdBy>JackD</createdBy>
<createdTime>2019-02-17 23:58:12 UTC</createdTime>
<ownerDesignName>Diseno Relacional Pinteres</ownerDesignName>
<nullsAllowed>true</nullsAllowed>
<useDomainConstraints>false</useDomainConstraints>
<use>1</use>
<logicalDatatype>LOGDT024</logicalDatatype>
<ownDataTypeParameters>,,</ownDataTypeParameters>
<autoIncrementCycle>false</autoIncrementCycle>
</Column>
<Column name="SITIO_WEB" id="743BA5E7-E500-D4B2-F58C-C951864A7B47">
<createdBy>JackD</createdBy>
<createdTime>2019-02-17 23:58:12 UTC</createdTime>
<ownerDesignName>Diseno Relacional Pinteres</ownerDesignName>
<nullsAllowed>true</nullsAllowed>
<useDomainConstraints>false</useDomainConstraints>
<use>1</use>
<logicalDatatype>LOGDT024</logicalDatatype>
<ownDataTypeParameters>,,</ownDataTypeParameters>
<autoIncrementCycle>false</autoIncrementCycle>
</Column>
<Column name="PINES_VISITADOS" id="EF6636E3-BFAB-BF76-9F6A-2D10F0AB58DD">
<createdBy>JackD</createdBy>
<createdTime>2019-02-23 22:16:20 UTC</createdTime>
<ownerDesignName>Diseno Relacional Pinteres</ownerDesignName>
<nullsAllowed>true</nullsAllowed>
<useDomainConstraints>false</useDomainConstraints>
<use>1</use>
<logicalDatatype>LOGDT011</logicalDatatype>
<ownDataTypeParameters>,,</ownDataTypeParameters>
<autoIncrementCycle>false</autoIncrementCycle>
</Column>
<Column name="FECHA_HORA_CREACION" id="C2109E7C-E500-8C76-15BB-637AAF4619BB">
<createdBy>JackD</createdBy>
<createdTime>2019-02-23 22:21:16 UTC</createdTime>
<ownerDesignName>Diseno Relacional Pinteres</ownerDesignName>
<nullsAllowed>true</nullsAllowed>
<useDomainConstraints>false</useDomainConstraints>
<use>1</use>
<logicalDatatype>LOGDT007</logicalDatatype>
<ownDataTypeParameters>,,</ownDataTypeParameters>
<autoIncrementCycle>false</autoIncrementCycle>
</Column>
</columns>
<indexes itemClass="oracle.dbtools.crest.model.design.relational.Index">
<ind_PK_UK id="A4E196D1-3654-56DE-9D95-5E4A2493E7FC" name="TBL_USUARIOS_PK">
<createdBy>J.D.</createdBy>
<createdTime>2019-02-12 01:18:13 UTC</createdTime>
<ownerDesignName>Diseno Relacional Pinteres</ownerDesignName>
<pk>true</pk>
<indexState>Primary Constraint</indexState>
<isSurrogateKey>false</isSurrogateKey>
<indexColumnUsage>
<colUsage columnID="472C718A-7B0D-DAF6-0FCE-786EF8B6BAA5"/>
</indexColumnUsage>
</ind_PK_UK>
<ind_PK_UK id="FB8A3E25-AFD0-C155-8122-432212F7AF8D" name="USU_FOT_USU_FK">
<createdBy>JackD</createdBy>
<createdTime>2019-02-18 00:00:44 UTC</createdTime>
<ownerDesignName>Diseno Relacional Pinteres</ownerDesignName>
<indexState>Foreign Key</indexState>
<isSurrogateKey>false</isSurrogateKey>
<indexColumnUsage>
<colUsage columnID="588B1967-B271-8027-5269-3AFFC00156A7"/>
</indexColumnUsage>
</ind_PK_UK>
<ind_PK_UK id="5529ED77-2C88-1A04-D6D7-2DD40F129386" name="USU_DIS_USU_FK">
<createdBy>JackD</createdBy>
<createdTime>2019-02-23 22:14:23 UTC</createdTime>
<ownerDesignName>Diseno Relacional Pinteres</ownerDesignName>
<indexState>Foreign Key</indexState>
<isSurrogateKey>false</isSurrogateKey>
<indexColumnUsage>
<colUsage columnID="13AB84B5-6AEE-E7F7-85E7-F32BF5E4F968"/>
</indexColumnUsage>
</ind_PK_UK>
</indexes>
</Table>