<?xml version = '1.0' encoding = 'UTF-8'?>
<Table class="oracle.dbtools.crest.model.design.relational.Table" directorySegmentName="seg_0" id="FBBB5840-18F5-D3F2-072C-9AC788F5005B" name="TBL_MENSAJES_X_USUARIO">
<createdBy>JackD</createdBy>
<createdTime>2019-02-17 19:46:29 UTC</createdTime>
<ownerDesignName>Diseno Relacional Pinteres</ownerDesignName>
<ordsAlias>table_12</ordsAlias>
<allowColumnReorder>false</allowColumnReorder>
<existDependencyGenerateInDDl>true</existDependencyGenerateInDDl>
<parsed>true</parsed>
<columns itemClass="oracle.dbtools.crest.model.design.relational.Column">
<Column name="CODIGO_MENSAJE" id="21892EFE-70A4-DE15-4C2F-A801F07180DC">
<createdBy>JackD</createdBy>
<createdTime>2019-02-17 19:50:49 UTC</createdTime>
<ownerDesignName>Diseno Relacional Pinteres</ownerDesignName>
<useDomainConstraints>false</useDomainConstraints>
<use>1</use>
<logicalDatatype>LOGDT011</logicalDatatype>
<ownDataTypeParameters>,,</ownDataTypeParameters>
<previousColumn>false</previousColumn>
<autoIncrementCycle>false</autoIncrementCycle>
<associations>
<colAssociation fkAssociation="CE98B065-2861-A4C7-260F-8E8FDAAEBD30" referredColumn="CAD7CCE0-C7A2-EAF7-393E-D6C2AD4888B4"/>
</associations>
</Column>
<Column name="CODIGOS_USUARIOS" id="D3082B3D-AD34-1B74-629F-D6B18768F722">
<createdBy>JackD</createdBy>
<createdTime>2019-02-17 19:51:30 UTC</createdTime>
<ownerDesignName>Diseno Relacional Pinteres</ownerDesignName>
<useDomainConstraints>false</useDomainConstraints>
<use>1</use>
<logicalDatatype>LOGDT011</logicalDatatype>
<ownDataTypeParameters>,,</ownDataTypeParameters>
<previousColumn>false</previousColumn>
<autoIncrementCycle>false</autoIncrementCycle>
<associations>
<colAssociation fkAssociation="AB06B5BE-9884-075D-7F35-E8995221248C" referredColumn="472C718A-7B0D-DAF6-0FCE-786EF8B6BAA5"/>
</associations>
</Column>
</columns>
<indexes itemClass="oracle.dbtools.crest.model.design.relational.Index">
<ind_PK_UK id="B3B9F9FE-6650-2B46-A6CB-338802104786" name="MEN_X_USU_MEN_FK">
<createdBy>JackD</createdBy>
<createdTime>2019-02-17 19:50:49 UTC</createdTime>
<ownerDesignName>Diseno Relacional Pinteres</ownerDesignName>
<indexState>Foreign Key</indexState>
<isSurrogateKey>false</isSurrogateKey>
<indexColumnUsage>
<colUsage columnID="21892EFE-70A4-DE15-4C2F-A801F07180DC"/>
</indexColumnUsage>
</ind_PK_UK>
<ind_PK_UK id="755D05E1-33C4-86A4-4CA9-33A796D9574B" name="MEN_X_USU_USU_FK">
<createdBy>JackD</createdBy>
<createdTime>2019-02-17 19:51:30 UTC</createdTime>
<ownerDesignName>Diseno Relacional Pinteres</ownerDesignName>
<indexState>Foreign Key</indexState>
<isSurrogateKey>false</isSurrogateKey>
<indexColumnUsage>
<colUsage columnID="D3082B3D-AD34-1B74-629F-D6B18768F722"/>
</indexColumnUsage>
</ind_PK_UK>
</indexes>
</Table>