<?xml version = '1.0' encoding = 'UTF-8'?>
<Table class="oracle.dbtools.crest.model.design.relational.Table" directorySegmentName="seg_0" id="FC56C06E-6109-C02B-038A-CA5C88786A14" name="TBL_VISITAS_TABLERO">
<createdBy>JackD</createdBy>
<createdTime>2019-02-18 00:22:26 UTC</createdTime>
<ownerDesignName>Diseno Relacional Pinteres</ownerDesignName>
<ordsAlias>table_27</ordsAlias>
<allowColumnReorder>false</allowColumnReorder>
<existDependencyGenerateInDDl>true</existDependencyGenerateInDDl>
<parsed>true</parsed>
<columns itemClass="oracle.dbtools.crest.model.design.relational.Column">
<Column name="CODIGO_TABLERO" id="00879563-4927-6617-386D-A509A614B167">
<createdBy>JackD</createdBy>
<createdTime>2019-02-18 17:22:07 UTC</createdTime>
<ownerDesignName>Diseno Relacional Pinteres</ownerDesignName>
<useDomainConstraints>false</useDomainConstraints>
<use>1</use>
<logicalDatatype>LOGDT011</logicalDatatype>
<ownDataTypeParameters>,,</ownDataTypeParameters>
<previousColumn>false</previousColumn>
<autoIncrementCycle>false</autoIncrementCycle>
<associations>
<colAssociation fkAssociation="7C43458E-B64A-C363-D76E-5B8A8DEBAA79" referredColumn="668F24FD-9AC2-C232-BA60-8E519F1DF70B"/>
</associations>
</Column>
<Column name="CODIGOS_USUARIOS" id="EA51A325-6D6D-805B-D1EF-01C75C168F7C">
<createdBy>JackD</createdBy>
<createdTime>2019-02-18 17:24:29 UTC</createdTime>
<ownerDesignName>Diseno Relacional Pinteres</ownerDesignName>
<useDomainConstraints>false</useDomainConstraints>
<use>1</use>
<logicalDatatype>LOGDT011</logicalDatatype>
<ownDataTypeParameters>,,</ownDataTypeParameters>
<previousColumn>false</previousColumn>
<autoIncrementCycle>false</autoIncrementCycle>
<associations>
<colAssociation fkAssociation="E97BD85C-137C-D861-6B93-934EB00087A8" referredColumn="472C718A-7B0D-DAF6-0FCE-786EF8B6BAA5"/>
</associations>
</Column>
<Column name="FECHA_VISITA_TABLERO" id="188987F4-291C-4957-41C0-6CEC815C1E78">
<createdBy>JackD</createdBy>
<createdTime>2019-02-18 17:57:21 UTC</createdTime>
<ownerDesignName>Diseno Relacional Pinteres</ownerDesignName>
<nullsAllowed>true</nullsAllowed>
<useDomainConstraints>false</useDomainConstraints>
<use>1</use>
<logicalDatatype>LOGDT007</logicalDatatype>
<ownDataTypeParameters>,,</ownDataTypeParameters>
<autoIncrementCycle>false</autoIncrementCycle>
</Column>
</columns>
<indexes itemClass="oracle.dbtools.crest.model.design.relational.Index">
<ind_PK_UK id="0A9A17E7-9883-BD78-7C03-A3A4E8725B91" name="TBL_VISITAS_TABLERO_PK">
<createdBy>JackD</createdBy>
<createdTime>2019-02-18 17:20:13 UTC</createdTime>
<ownerDesignName>Diseno Relacional Pinteres</ownerDesignName>
<pk>true</pk>
<indexState>Primary Constraint</indexState>
<isSurrogateKey>false</isSurrogateKey>
<indexColumnUsage>
<colUsage columnID="00879563-4927-6617-386D-A509A614B167"/>
<colUsage columnID="EA51A325-6D6D-805B-D1EF-01C75C168F7C"/>
</indexColumnUsage>
</ind_PK_UK>
<ind_PK_UK id="0351C32D-E08E-45F0-0215-04A44C8CE1A9" name="VIS_TAB_TAB_FK">
<createdBy>JackD</createdBy>
<createdTime>2019-02-18 17:22:07 UTC</createdTime>
<ownerDesignName>Diseno Relacional Pinteres</ownerDesignName>
<indexState>Foreign Key</indexState>
<isSurrogateKey>false</isSurrogateKey>
<indexColumnUsage>
<colUsage columnID="00879563-4927-6617-386D-A509A614B167"/>
</indexColumnUsage>
</ind_PK_UK>
<ind_PK_UK id="E70ADB1A-4252-073B-C45E-AB3436BDB85B" name="VIS_TAB_USU_FK">
<createdBy>JackD</createdBy>
<createdTime>2019-02-18 17:24:29 UTC</createdTime>
<ownerDesignName>Diseno Relacional Pinteres</ownerDesignName>
<indexState>Foreign Key</indexState>
<isSurrogateKey>false</isSurrogateKey>
<indexColumnUsage>
<colUsage columnID="EA51A325-6D6D-805B-D1EF-01C75C168F7C"/>
</indexColumnUsage>
</ind_PK_UK>
</indexes>
</Table>