<?xml version = '1.0' encoding = 'UTF-8'?>
<relationalModel class="oracle.dbtools.crest.model.design.relational.RelationalDesign" name="Relational_1" id="A3E2AFA8-5E4C-2E81-D580-51EDE7903A2F" mainViewID="F2650130-9243-512A-304C-BD2DF7097F08">
<createdBy>J.D.</createdBy>
<createdTime>2019-02-12 01:13:44 UTC</createdTime>
<ownerDesignName>Diseno Relacional Pinteres</ownerDesignName>
<shouldBeOpen>true</shouldBeOpen>
<selectedRDBMSSite>32076570-2523-435C-2E92-BF29817DFF70</selectedRDBMSSite>
</relationalModel>