<?xml version = '1.0' encoding = 'UTF-8'?>
<FKIndexAssociation class="oracle.dbtools.crest.model.design.relational.FKIndexAssociation" directorySegmentName="seg_0" id="018D4ADE-4D65-CFF0-B238-4CAC1CF65C8C" containerWithKeyObject="A6D3EF63-47F2-7E6E-1E9A-84237E6B5EC1" localFKIndex="9E1A1C05-CBA8-63C2-5F30-386EDCDECDEA" name="COL_TAB_TAB_FK">
<createdBy>JackD</createdBy>
<createdTime>2019-02-18 17:28:53 UTC</createdTime>
<ownerDesignName>Diseno Relacional Pinteres</ownerDesignName>
<referredTableLongName>TBL_TABLEROS</referredTableLongName>
<deleteRule>NO ACTION</deleteRule>
<referredTableID>C4D54197-94AF-948C-F1FB-CD954F85394F</referredTableID>
<keyObject>ED4CBDE1-9CDA-6041-0CE3-BD677070C33C</keyObject>
<referredKeyID>ED4CBDE1-9CDA-6041-0CE3-BD677070C33C</referredKeyID>
<mandatory>true</mandatory>
<refColNames>CODIGO_TABLERO</refColNames>
<transferable>true</transferable>
<rely>false</rely>
<columnDependencyConstraintGenerateInDDL>true</columnDependencyConstraintGenerateInDDL>
</FKIndexAssociation>