<?xml version = '1.0' encoding = 'UTF-8'?>
<FKIndexAssociation class="oracle.dbtools.crest.model.design.relational.FKIndexAssociation" directorySegmentName="seg_0" id="05EC18AB-90C7-36B7-2457-75948724B5ED" containerWithKeyObject="7A90AD15-D452-1763-13E4-356AA20CF414" localFKIndex="12085480-8618-DC79-7766-EE84D2E6142F" name="ENL_USU_FK">
<createdBy>JackD</createdBy>
<createdTime>2019-02-18 17:44:07 UTC</createdTime>
<ownerDesignName>Diseno Relacional Pinteres</ownerDesignName>
<referredTableLongName>TBL_USUARIOS</referredTableLongName>
<deleteRule>NO ACTION</deleteRule>
<referredTableID>EF1136D2-533F-2BFD-C3C3-4E0278A36950</referredTableID>
<keyObject>A4E196D1-3654-56DE-9D95-5E4A2493E7FC</keyObject>
<referredKeyID>A4E196D1-3654-56DE-9D95-5E4A2493E7FC</referredKeyID>
<mandatory>true</mandatory>
<refColNames>CODIGOS_USUARIOS</refColNames>
<transferable>true</transferable>
<rely>false</rely>
<columnDependencyConstraintGenerateInDDL>true</columnDependencyConstraintGenerateInDDL>
</FKIndexAssociation>