<?xml version = '1.0' encoding = 'UTF-8'?>
<FKIndexAssociation class="oracle.dbtools.crest.model.design.relational.FKIndexAssociation" directorySegmentName="seg_0" id="1851F032-AE11-C901-63C1-6DA12F752230" containerWithKeyObject="EF1136D2-533F-2BFD-C3C3-4E0278A36950" localFKIndex="FB8A3E25-AFD0-C155-8122-432212F7AF8D" name="USU_FOT_USU_FK">
<createdBy>JackD</createdBy>
<createdTime>2019-02-18 00:00:44 UTC</createdTime>
<ownerDesignName>Diseno Relacional Pinteres</ownerDesignName>
<referredTableLongName>TBL_FOTO_USUARIO</referredTableLongName>
<deleteRule>NO ACTION</deleteRule>
<referredTableID>52096B55-8FB8-5DEA-0410-F59B93E95D73</referredTableID>
<keyObject>66F3FE7E-F743-59A8-F729-FB49B0060A93</keyObject>
<referredKeyID>66F3FE7E-F743-59A8-F729-FB49B0060A93</referredKeyID>
<mandatory>true</mandatory>
<refColNames>CODIGO_FOTO</refColNames>
<transferable>true</transferable>
<rely>false</rely>
<columnDependencyConstraintGenerateInDDL>true</columnDependencyConstraintGenerateInDDL>
</FKIndexAssociation>