<?xml version = '1.0' encoding = 'UTF-8'?>
<FKIndexAssociation class="oracle.dbtools.crest.model.design.relational.FKIndexAssociation" directorySegmentName="seg_0" id="22211776-B0CD-BCCC-F2D6-CEE3C4142327" containerWithKeyObject="EF1136D2-533F-2BFD-C3C3-4E0278A36950" localFKIndex="5529ED77-2C88-1A04-D6D7-2DD40F129386" name="USU_DIS_USU_FK">
<createdBy>JackD</createdBy>
<createdTime>2019-02-23 22:14:23 UTC</createdTime>
<ownerDesignName>Diseno Relacional Pinteres</ownerDesignName>
<referredTableLongName>TBL_DISPONIBILIDAD_USUARIO</referredTableLongName>
<deleteRule>NO ACTION</deleteRule>
<referredTableID>15D0131D-A9D7-E351-8F45-13A927509E51</referredTableID>
<keyObject>4CE1AC1F-33E8-91D6-E43D-21C7B05C349C</keyObject>
<referredKeyID>4CE1AC1F-33E8-91D6-E43D-21C7B05C349C</referredKeyID>
<mandatory>true</mandatory>
<refColNames>CODIGO_ESTADO</refColNames>
<transferable>true</transferable>
<rely>false</rely>
<columnDependencyConstraintGenerateInDDL>true</columnDependencyConstraintGenerateInDDL>
</FKIndexAssociation>