<?xml version = '1.0' encoding = 'UTF-8'?>
<FKIndexAssociation class="oracle.dbtools.crest.model.design.relational.FKIndexAssociation" directorySegmentName="seg_0" id="22D51B64-0293-821F-7E67-7D2EAA785F55" containerWithKeyObject="3F792096-EFFF-E2D4-AB16-BADE8230D625" localFKIndex="CA39E4B6-C566-2DE4-EE57-F502995E6628" name="PAG_BLO_ENL_FK">
<createdBy>JackD</createdBy>
<createdTime>2019-02-18 17:48:05 UTC</createdTime>
<ownerDesignName>Diseno Relacional Pinteres</ownerDesignName>
<referredTableLongName>TBL_ENLACES</referredTableLongName>
<deleteRule>NO ACTION</deleteRule>
<referredTableID>7A90AD15-D452-1763-13E4-356AA20CF414</referredTableID>
<keyObject>D6D5A535-AB87-359A-08CE-DA714581191F</keyObject>
<referredKeyID>D6D5A535-AB87-359A-08CE-DA714581191F</referredKeyID>
<mandatory>true</mandatory>
<refColNames>CODIGO_ENLACE</refColNames>
<transferable>true</transferable>
<rely>false</rely>
<columnDependencyConstraintGenerateInDDL>true</columnDependencyConstraintGenerateInDDL>
</FKIndexAssociation>