<?xml version = '1.0' encoding = 'UTF-8'?>
<FKIndexAssociation class="oracle.dbtools.crest.model.design.relational.FKIndexAssociation" directorySegmentName="seg_0" id="28C894BA-3DAD-B216-D3BC-BB783A50310F" containerWithKeyObject="573E36C4-F2B0-29D9-5673-CFCC0CAF4CE3" localFKIndex="D070D053-DBDE-CBD3-038F-C59273899EA1" name="VIS_PIN_PIN_FK">
<createdBy>JackD</createdBy>
<createdTime>2019-02-18 17:54:50 UTC</createdTime>
<ownerDesignName>Diseno Relacional Pinteres</ownerDesignName>
<referredTableLongName>TBL_PINES</referredTableLongName>
<deleteRule>NO ACTION</deleteRule>
<referredTableID>04E54407-554C-9CDD-B0D3-288D040838E8</referredTableID>
<keyObject>D587593A-27F6-27CC-2945-9C7DB60F71EB</keyObject>
<referredKeyID>D587593A-27F6-27CC-2945-9C7DB60F71EB</referredKeyID>
<mandatory>true</mandatory>
<refColNames>CODIGO_PIN</refColNames>
<transferable>true</transferable>
<rely>false</rely>
<columnDependencyConstraintGenerateInDDL>true</columnDependencyConstraintGenerateInDDL>
</FKIndexAssociation>