<?xml version = '1.0' encoding = 'UTF-8'?>
<FKIndexAssociation class="oracle.dbtools.crest.model.design.relational.FKIndexAssociation" directorySegmentName="seg_0" id="306E037C-2746-A847-52DA-2042CE43573C" containerWithKeyObject="750EA003-D26F-3D29-8D52-943FF0549052" localFKIndex="8FDBC27E-60DE-430E-861E-6491E7369F0D" name="PIN_X_TEM_TEM_FK">
<createdBy>JackD</createdBy>
<createdTime>2019-02-17 20:04:19 UTC</createdTime>
<ownerDesignName>Diseno Relacional Pinteres</ownerDesignName>
<referredTableLongName>TBL_TEMAS</referredTableLongName>
<deleteRule>NO ACTION</deleteRule>
<referredTableID>09A35DA7-A412-173E-8F4A-61BC2C1EF3ED</referredTableID>
<keyObject>63466C67-26C4-9663-848B-463F74E41CCE</keyObject>
<referredKeyID>63466C67-26C4-9663-848B-463F74E41CCE</referredKeyID>
<mandatory>true</mandatory>
<refColNames>CODIGO_TEMA</refColNames>
<transferable>true</transferable>
<rely>false</rely>
<columnDependencyConstraintGenerateInDDL>true</columnDependencyConstraintGenerateInDDL>
</FKIndexAssociation>