<?xml version = '1.0' encoding = 'UTF-8'?>
<FKIndexAssociation class="oracle.dbtools.crest.model.design.relational.FKIndexAssociation" directorySegmentName="seg_0" id="33F976FC-B393-DA7D-7D3B-5CA1945F13AC" containerWithKeyObject="E6F03059-7350-8AAF-2F20-7918DC3FB422" localFKIndex="E563AADA-C617-5E9A-4997-1DEDF0E1197E" name="NOT_EST_NOT_FK">
<createdBy>JackD</createdBy>
<createdTime>2019-02-23 22:10:47 UTC</createdTime>
<ownerDesignName>Diseno Relacional Pinteres</ownerDesignName>
<referredTableLongName>TBL_ESTADO_NOTIFICACION</referredTableLongName>
<deleteRule>NO ACTION</deleteRule>
<referredTableID>3444D655-93AB-5BFC-295D-A34A769B8443</referredTableID>
<keyObject>FFB5989F-EF23-0290-0AED-2AFE4FE8C9FF</keyObject>
<referredKeyID>FFB5989F-EF23-0290-0AED-2AFE4FE8C9FF</referredKeyID>
<mandatory>true</mandatory>
<refColNames>CODIGO_ESTADO</refColNames>
<transferable>true</transferable>
<rely>false</rely>
<columnDependencyConstraintGenerateInDDL>true</columnDependencyConstraintGenerateInDDL>
</FKIndexAssociation>