<?xml version = '1.0' encoding = 'UTF-8'?>
<FKIndexAssociation class="oracle.dbtools.crest.model.design.relational.FKIndexAssociation" directorySegmentName="seg_0" id="38D84EE9-6815-DD9B-2030-91D14AF26502" containerWithKeyObject="9AA880F2-447A-AC52-3E2D-1C1313794D8B" localFKIndex="629F22EB-A807-E5E7-6B74-680F36B8E081" name="PIN_GUA_PIN_FK">
<createdBy>J.D.</createdBy>
<createdTime>2019-02-12 15:47:38 UTC</createdTime>
<ownerDesignName>Diseno Relacional Pinteres</ownerDesignName>
<referredTableLongName>TBL_PINES</referredTableLongName>
<deleteRule>NO ACTION</deleteRule>
<referredTableID>04E54407-554C-9CDD-B0D3-288D040838E8</referredTableID>
<keyObject>D587593A-27F6-27CC-2945-9C7DB60F71EB</keyObject>
<referredKeyID>D587593A-27F6-27CC-2945-9C7DB60F71EB</referredKeyID>
<mandatory>true</mandatory>
<refColNames>CODIGO_PIN</refColNames>
<transferable>true</transferable>
<rely>false</rely>
<columnDependencyConstraintGenerateInDDL>true</columnDependencyConstraintGenerateInDDL>
</FKIndexAssociation>