<?xml version = '1.0' encoding = 'UTF-8'?>
<FKIndexAssociation class="oracle.dbtools.crest.model.design.relational.FKIndexAssociation" directorySegmentName="seg_0" id="4090F60B-AC40-5C1F-7B56-DCC067EE64AB" containerWithKeyObject="CCAB104A-3E2C-FBDF-350D-8F02B09C207C" localFKIndex="4CBCC771-7EA4-F180-1C3F-A52089DAEF6D" name="PIN_X_TAB_PIN_FK">
<createdBy>JackD</createdBy>
<createdTime>2019-02-17 20:07:26 UTC</createdTime>
<ownerDesignName>Diseno Relacional Pinteres</ownerDesignName>
<referredTableLongName>TBL_PINES</referredTableLongName>
<deleteRule>NO ACTION</deleteRule>
<referredTableID>04E54407-554C-9CDD-B0D3-288D040838E8</referredTableID>
<keyObject>D587593A-27F6-27CC-2945-9C7DB60F71EB</keyObject>
<referredKeyID>D587593A-27F6-27CC-2945-9C7DB60F71EB</referredKeyID>
<mandatory>true</mandatory>
<refColNames>CODIGO_PIN</refColNames>
<transferable>true</transferable>
<rely>false</rely>
<columnDependencyConstraintGenerateInDDL>true</columnDependencyConstraintGenerateInDDL>
</FKIndexAssociation>