<?xml version = '1.0' encoding = 'UTF-8'?>
<FKIndexAssociation class="oracle.dbtools.crest.model.design.relational.FKIndexAssociation" directorySegmentName="seg_0" id="43AE9824-739B-EFCA-BCD7-03A08AE24A5D" containerWithKeyObject="770F1901-ADD9-FA80-7D38-55DCD953E039" localFKIndex="DAABC802-1920-96CE-C551-B7FB93536BE9" name="SEG_TAB_FK">
<createdBy>J.D.</createdBy>
<createdTime>2019-02-12 15:39:24 UTC</createdTime>
<ownerDesignName>Diseno Relacional Pinteres</ownerDesignName>
<referredTableLongName>TBL_TABLEROS</referredTableLongName>
<deleteRule>NO ACTION</deleteRule>
<referredTableID>C4D54197-94AF-948C-F1FB-CD954F85394F</referredTableID>
<keyObject>ED4CBDE1-9CDA-6041-0CE3-BD677070C33C</keyObject>
<referredKeyID>ED4CBDE1-9CDA-6041-0CE3-BD677070C33C</referredKeyID>
<mandatory>true</mandatory>
<refColNames>CODIGO_TABLERO</refColNames>
<transferable>true</transferable>
<rely>false</rely>
<columnDependencyConstraintGenerateInDDL>true</columnDependencyConstraintGenerateInDDL>
</FKIndexAssociation>