<?xml version = '1.0' encoding = 'UTF-8'?>
<FKIndexAssociation class="oracle.dbtools.crest.model.design.relational.FKIndexAssociation" directorySegmentName="seg_0" id="58820B9E-385B-9024-B957-691628714033" containerWithKeyObject="750EA003-D26F-3D29-8D52-943FF0549052" localFKIndex="770BDA2D-A979-821B-E911-8454A728B2ED" name="PIN_X_TEM_PIN_FK">
<createdBy>JackD</createdBy>
<createdTime>2019-02-17 20:03:42 UTC</createdTime>
<ownerDesignName>Diseno Relacional Pinteres</ownerDesignName>
<referredTableLongName>TBL_PINES</referredTableLongName>
<deleteRule>NO ACTION</deleteRule>
<referredTableID>04E54407-554C-9CDD-B0D3-288D040838E8</referredTableID>
<keyObject>D587593A-27F6-27CC-2945-9C7DB60F71EB</keyObject>
<referredKeyID>D587593A-27F6-27CC-2945-9C7DB60F71EB</referredKeyID>
<mandatory>true</mandatory>
<refColNames>CODIGO_PIN</refColNames>
<transferable>true</transferable>
<rely>false</rely>
<columnDependencyConstraintGenerateInDDL>true</columnDependencyConstraintGenerateInDDL>
</FKIndexAssociation>