<?xml version = '1.0' encoding = 'UTF-8'?>
<FKIndexAssociation class="oracle.dbtools.crest.model.design.relational.FKIndexAssociation" directorySegmentName="seg_0" id="68B66EF4-BEEB-B3B9-54B2-32372DE37CBE" containerWithKeyObject="573E36C4-F2B0-29D9-5673-CFCC0CAF4CE3" localFKIndex="46A546F8-0C79-7DB0-98E2-7CA597C6090A" name="VIS_PIN_USU_FKv2">
<createdBy>JackD</createdBy>
<createdTime>2019-02-23 22:17:49 UTC</createdTime>
<ownerDesignName>Diseno Relacional Pinteres</ownerDesignName>
<referredTableLongName>TBL_USUARIOS</referredTableLongName>
<deleteRule>NO ACTION</deleteRule>
<referredTableID>EF1136D2-533F-2BFD-C3C3-4E0278A36950</referredTableID>
<keyObject>A4E196D1-3654-56DE-9D95-5E4A2493E7FC</keyObject>
<referredKeyID>A4E196D1-3654-56DE-9D95-5E4A2493E7FC</referredKeyID>
<mandatory>true</mandatory>
<refColNames>CODIGOS_USUARIOS</refColNames>
<transferable>true</transferable>
<rely>false</rely>
<columnDependencyConstraintGenerateInDDL>true</columnDependencyConstraintGenerateInDDL>
</FKIndexAssociation>