<?xml version = '1.0' encoding = 'UTF-8'?>
<FKIndexAssociation class="oracle.dbtools.crest.model.design.relational.FKIndexAssociation" directorySegmentName="seg_0" id="7C43458E-B64A-C363-D76E-5B8A8DEBAA79" containerWithKeyObject="FC56C06E-6109-C02B-038A-CA5C88786A14" localFKIndex="0351C32D-E08E-45F0-0215-04A44C8CE1A9" name="VIS_TAB_TAB_FK">
<createdBy>JackD</createdBy>
<createdTime>2019-02-18 17:22:07 UTC</createdTime>
<ownerDesignName>Diseno Relacional Pinteres</ownerDesignName>
<referredTableLongName>TBL_TABLEROS</referredTableLongName>
<deleteRule>NO ACTION</deleteRule>
<referredTableID>C4D54197-94AF-948C-F1FB-CD954F85394F</referredTableID>
<keyObject>ED4CBDE1-9CDA-6041-0CE3-BD677070C33C</keyObject>
<referredKeyID>ED4CBDE1-9CDA-6041-0CE3-BD677070C33C</referredKeyID>
<mandatory>true</mandatory>
<refColNames>CODIGO_TABLERO</refColNames>
<transferable>true</transferable>
<rely>false</rely>
<columnDependencyConstraintGenerateInDDL>true</columnDependencyConstraintGenerateInDDL>
</FKIndexAssociation>