<?xml version = '1.0' encoding = 'UTF-8'?>
<FKIndexAssociation class="oracle.dbtools.crest.model.design.relational.FKIndexAssociation" directorySegmentName="seg_0" id="B0C6F492-34C6-82FD-2400-0F4502BCAE8A" containerWithKeyObject="D94FFE4E-F52C-8CF0-5517-E996427D74E4" localFKIndex="83857020-61F5-4584-DCC5-5B7082442D5B" name="DEN_PIN_PIN_FK">
<createdBy>JackD</createdBy>
<createdTime>2019-02-18 17:37:30 UTC</createdTime>
<ownerDesignName>Diseno Relacional Pinteres</ownerDesignName>
<referredTableLongName>TBL_PINES</referredTableLongName>
<deleteRule>NO ACTION</deleteRule>
<referredTableID>04E54407-554C-9CDD-B0D3-288D040838E8</referredTableID>
<keyObject>D587593A-27F6-27CC-2945-9C7DB60F71EB</keyObject>
<referredKeyID>D587593A-27F6-27CC-2945-9C7DB60F71EB</referredKeyID>
<mandatory>true</mandatory>
<refColNames>CODIGO_PIN</refColNames>
<transferable>true</transferable>
<rely>false</rely>
<columnDependencyConstraintGenerateInDDL>true</columnDependencyConstraintGenerateInDDL>
</FKIndexAssociation>