<?xml version = '1.0' encoding = 'UTF-8'?>
<FKIndexAssociation class="oracle.dbtools.crest.model.design.relational.FKIndexAssociation" directorySegmentName="seg_0" id="CB8B9941-1357-D7F2-7765-A5BA9107B8CA" containerWithKeyObject="C1DBD360-85D9-EDA9-AD4F-5EF787CA276D" localFKIndex="A97D61D4-5A69-4744-02C1-6967AF213BF6" name="VIS_A_USU_USU_FK">
<createdBy>JackD</createdBy>
<createdTime>2019-02-23 21:59:14 UTC</createdTime>
<ownerDesignName>Diseno Relacional Pinteres</ownerDesignName>
<referredTableLongName>TBL_USUARIOS</referredTableLongName>
<deleteRule>NO ACTION</deleteRule>
<referredTableID>EF1136D2-533F-2BFD-C3C3-4E0278A36950</referredTableID>
<keyObject>A4E196D1-3654-56DE-9D95-5E4A2493E7FC</keyObject>
<referredKeyID>A4E196D1-3654-56DE-9D95-5E4A2493E7FC</referredKeyID>
<mandatory>true</mandatory>
<refColNames>CODIGOS_USUARIOS</refColNames>
<transferable>true</transferable>
<rely>false</rely>
<columnDependencyConstraintGenerateInDDL>true</columnDependencyConstraintGenerateInDDL>
</FKIndexAssociation>