<?xml version = '1.0' encoding = 'UTF-8'?>
<FKIndexAssociation class="oracle.dbtools.crest.model.design.relational.FKIndexAssociation" directorySegmentName="seg_0" id="CE98B065-2861-A4C7-260F-8E8FDAAEBD30" containerWithKeyObject="FBBB5840-18F5-D3F2-072C-9AC788F5005B" localFKIndex="B3B9F9FE-6650-2B46-A6CB-338802104786" name="MEN_X_USU_MEN_FK">
<createdBy>JackD</createdBy>
<createdTime>2019-02-17 19:50:49 UTC</createdTime>
<ownerDesignName>Diseno Relacional Pinteres</ownerDesignName>
<referredTableLongName>TBL_MENSAJES</referredTableLongName>
<deleteRule>NO ACTION</deleteRule>
<referredTableID>13448812-CDF4-1F79-478E-2F071C557EE3</referredTableID>
<keyObject>275B8D4A-CD64-8C82-0CC8-0C431F9A4EB8</keyObject>
<referredKeyID>275B8D4A-CD64-8C82-0CC8-0C431F9A4EB8</referredKeyID>
<mandatory>true</mandatory>
<refColNames>CODIGO_MENSAJE</refColNames>
<transferable>true</transferable>
<rely>false</rely>
<columnDependencyConstraintGenerateInDDL>true</columnDependencyConstraintGenerateInDDL>
</FKIndexAssociation>