<?xml version = '1.0' encoding = 'UTF-8'?>
<FKIndexAssociation class="oracle.dbtools.crest.model.design.relational.FKIndexAssociation" directorySegmentName="seg_0" id="D42233F5-C6D2-349F-25A6-70469F31AA4F" containerWithKeyObject="04E54407-554C-9CDD-B0D3-288D040838E8" localFKIndex="CD16DF2D-F95C-0305-104E-4EACB909C413" name="PIN_ENL_FK">
<createdBy>JackD</createdBy>
<createdTime>2019-02-18 17:46:55 UTC</createdTime>
<ownerDesignName>Diseno Relacional Pinteres</ownerDesignName>
<referredTableLongName>TBL_ENLACES</referredTableLongName>
<deleteRule>NO ACTION</deleteRule>
<referredTableID>7A90AD15-D452-1763-13E4-356AA20CF414</referredTableID>
<keyObject>D6D5A535-AB87-359A-08CE-DA714581191F</keyObject>
<referredKeyID>D6D5A535-AB87-359A-08CE-DA714581191F</referredKeyID>
<mandatory>true</mandatory>
<refColNames>CODIGO_ENLACE</refColNames>
<transferable>true</transferable>
<rely>false</rely>
<columnDependencyConstraintGenerateInDDL>true</columnDependencyConstraintGenerateInDDL>
</FKIndexAssociation>