<?xml version = '1.0' encoding = 'UTF-8'?>
<FKIndexAssociation class="oracle.dbtools.crest.model.design.relational.FKIndexAssociation" directorySegmentName="seg_0" id="D53C4A86-BFE0-B08B-070E-2FFFA80A6B0C" containerWithKeyObject="CCAB104A-3E2C-FBDF-350D-8F02B09C207C" localFKIndex="ADA4A044-D973-BABD-3018-F0A2849A917D" name="PIN_X_TAB_TAB_FK">
<createdBy>JackD</createdBy>
<createdTime>2019-02-17 20:08:00 UTC</createdTime>
<ownerDesignName>Diseno Relacional Pinteres</ownerDesignName>
<referredTableLongName>TBL_TABLEROS</referredTableLongName>
<deleteRule>NO ACTION</deleteRule>
<referredTableID>C4D54197-94AF-948C-F1FB-CD954F85394F</referredTableID>
<keyObject>ED4CBDE1-9CDA-6041-0CE3-BD677070C33C</keyObject>
<referredKeyID>ED4CBDE1-9CDA-6041-0CE3-BD677070C33C</referredKeyID>
<mandatory>true</mandatory>
<refColNames>CODIGO_TABLERO</refColNames>
<transferable>true</transferable>
<rely>false</rely>
<columnDependencyConstraintGenerateInDDL>true</columnDependencyConstraintGenerateInDDL>
</FKIndexAssociation>