<?xml version = '1.0' encoding = 'UTF-8'?>
<FKIndexAssociation class="oracle.dbtools.crest.model.design.relational.FKIndexAssociation" directorySegmentName="seg_0" id="DCFFB3DF-0A35-037E-5221-5EBD63A0DE8E" containerWithKeyObject="C4D54197-94AF-948C-F1FB-CD954F85394F" localFKIndex="1AC609DE-4BB0-1A70-D391-97E075500AEF" name="TAB_TEM_FK">
<createdBy>JackD</createdBy>
<createdTime>2019-02-17 20:12:36 UTC</createdTime>
<ownerDesignName>Diseno Relacional Pinteres</ownerDesignName>
<referredTableLongName>TBL_TEMAS</referredTableLongName>
<deleteRule>NO ACTION</deleteRule>
<referredTableID>09A35DA7-A412-173E-8F4A-61BC2C1EF3ED</referredTableID>
<keyObject>63466C67-26C4-9663-848B-463F74E41CCE</keyObject>
<referredKeyID>63466C67-26C4-9663-848B-463F74E41CCE</referredKeyID>
<mandatory>false</mandatory>
<refColNames>CODIGO_TEMA</refColNames>
<transferable>true</transferable>
<rely>false</rely>
<columnDependencyConstraintGenerateInDDL>true</columnDependencyConstraintGenerateInDDL>
</FKIndexAssociation>