<?xml version = '1.0' encoding = 'UTF-8'?>
<FKIndexAssociation class="oracle.dbtools.crest.model.design.relational.FKIndexAssociation" directorySegmentName="seg_0" id="E1E58427-83BA-25CC-D726-14C597DC303E" containerWithKeyObject="869CE35F-3426-FF0D-C1AA-6BFE53898924" localFKIndex="910A10E1-8594-C3E3-DCF1-E7FB5FAF109E" name="NOT_OFI_ADM_FK">
<createdBy>JackD</createdBy>
<createdTime>2019-02-25 16:13:49 UTC</createdTime>
<ownerDesignName>Diseno Relacional Pinteres</ownerDesignName>
<referredTableLongName>TBL_ADMINISTRADORES</referredTableLongName>
<deleteRule>NO ACTION</deleteRule>
<referredTableID>EDD3F244-8E5C-B994-E5E1-27395FCF7E5D</referredTableID>
<keyObject>37DA3D2A-F617-9137-51C4-1B1CE4A131F6</keyObject>
<referredKeyID>37DA3D2A-F617-9137-51C4-1B1CE4A131F6</referredKeyID>
<mandatory>true</mandatory>
<refColNames>CODIGO_ADMINISTRADOR</refColNames>
<transferable>true</transferable>
<rely>false</rely>
<columnDependencyConstraintGenerateInDDL>true</columnDependencyConstraintGenerateInDDL>
</FKIndexAssociation>