<?xml version = '1.0' encoding = 'UTF-8'?>
<FKIndexAssociation class="oracle.dbtools.crest.model.design.relational.FKIndexAssociation" directorySegmentName="seg_0" id="E6D6A8AE-4FBB-5FE4-E9B1-9921525EA265" containerWithKeyObject="E6F03059-7350-8AAF-2F20-7918DC3FB422" localFKIndex="209BFD2E-8788-A91C-DD09-386C3CA0DD7A" name="NOT_USU_FK">
<createdBy>JackD</createdBy>
<createdTime>2019-02-23 22:06:48 UTC</createdTime>
<ownerDesignName>Diseno Relacional Pinteres</ownerDesignName>
<referredTableLongName>TBL_USUARIOS</referredTableLongName>
<deleteRule>NO ACTION</deleteRule>
<referredTableID>EF1136D2-533F-2BFD-C3C3-4E0278A36950</referredTableID>
<keyObject>A4E196D1-3654-56DE-9D95-5E4A2493E7FC</keyObject>
<referredKeyID>A4E196D1-3654-56DE-9D95-5E4A2493E7FC</referredKeyID>
<mandatory>true</mandatory>
<refColNames>CODIGOS_USUARIOS</refColNames>
<transferable>true</transferable>
<rely>false</rely>
<columnDependencyConstraintGenerateInDDL>true</columnDependencyConstraintGenerateInDDL>
</FKIndexAssociation>