<?xml version = '1.0' encoding = 'UTF-8'?>
<FKIndexAssociation class="oracle.dbtools.crest.model.design.relational.FKIndexAssociation" directorySegmentName="seg_0" id="E7547769-33C0-8B2C-6220-D0CD90D5BE81" containerWithKeyObject="A73C5DB3-B1DA-4171-CA84-27E7687F9318" localFKIndex="1BB84A86-CA5A-46E1-2D63-89A553A8BED3" name="USU_BAN_ADM_FK">
<createdBy>JackD</createdBy>
<createdTime>2019-02-25 16:09:55 UTC</createdTime>
<ownerDesignName>Diseno Relacional Pinteres</ownerDesignName>
<referredTableLongName>TBL_ADMINISTRADORES</referredTableLongName>
<deleteRule>NO ACTION</deleteRule>
<referredTableID>EDD3F244-8E5C-B994-E5E1-27395FCF7E5D</referredTableID>
<keyObject>37DA3D2A-F617-9137-51C4-1B1CE4A131F6</keyObject>
<referredKeyID>37DA3D2A-F617-9137-51C4-1B1CE4A131F6</referredKeyID>
<mandatory>true</mandatory>
<refColNames>CODIGO_ADMINISTRADOR</refColNames>
<transferable>true</transferable>
<rely>false</rely>
<columnDependencyConstraintGenerateInDDL>true</columnDependencyConstraintGenerateInDDL>
</FKIndexAssociation>