<?xml version = '1.0' encoding = 'UTF-8'?>
<FKIndexAssociation class="oracle.dbtools.crest.model.design.relational.FKIndexAssociation" directorySegmentName="seg_0" id="F2D4758A-06E1-4FAB-2CB6-339A76A4A5E0" containerWithKeyObject="C4D54197-94AF-948C-F1FB-CD954F85394F" localFKIndex="0369C100-1B35-F487-A912-B0571156C347" name="TAB_PRI_TAB_FK">
<createdBy>JackD</createdBy>
<createdTime>2019-02-18 17:27:07 UTC</createdTime>
<ownerDesignName>Diseno Relacional Pinteres</ownerDesignName>
<referredTableLongName>TBL_PRIVACIDAD_TABLERO</referredTableLongName>
<deleteRule>NO ACTION</deleteRule>
<referredTableID>C7E57F66-0997-5AAF-3964-4DBA758A6EDC</referredTableID>
<keyObject>6B31B59C-91AF-6E19-79E1-FFBE6AD6CE97</keyObject>
<referredKeyID>6B31B59C-91AF-6E19-79E1-FFBE6AD6CE97</referredKeyID>
<mandatory>true</mandatory>
<refColNames>CODIGO_PRIVACIDAD</refColNames>
<transferable>true</transferable>
<rely>false</rely>
<columnDependencyConstraintGenerateInDDL>true</columnDependencyConstraintGenerateInDDL>
</FKIndexAssociation>