<?xml version = '1.0' encoding = 'UTF-8'?>
<FKIndexAssociation class="oracle.dbtools.crest.model.design.relational.FKIndexAssociation" directorySegmentName="seg_0" id="F5A27448-A590-27DE-EED9-C4852E3396B9" containerWithKeyObject="00062954-B4C2-B6EE-D0BC-8FE2B0CA723E" localFKIndex="343BE93D-ACFD-8749-6492-28BF886355A8" name="USU_BLO_USU_FKv2">
<createdBy>JackD</createdBy>
<createdTime>2019-02-23 22:05:12 UTC</createdTime>
<ownerDesignName>Diseno Relacional Pinteres</ownerDesignName>
<referredTableLongName>TBL_USUARIOS</referredTableLongName>
<deleteRule>NO ACTION</deleteRule>
<referredTableID>EF1136D2-533F-2BFD-C3C3-4E0278A36950</referredTableID>
<keyObject>A4E196D1-3654-56DE-9D95-5E4A2493E7FC</keyObject>
<referredKeyID>A4E196D1-3654-56DE-9D95-5E4A2493E7FC</referredKeyID>
<mandatory>true</mandatory>
<refColNames>CODIGOS_USUARIOS</refColNames>
<transferable>true</transferable>
<rely>false</rely>
<columnDependencyConstraintGenerateInDDL>true</columnDependencyConstraintGenerateInDDL>
</FKIndexAssociation>