<?xml version = '1.0' encoding = 'UTF-8'?>
<FKIndexAssociation class="oracle.dbtools.crest.model.design.relational.FKIndexAssociation" directorySegmentName="seg_0" id="FA06EC72-80E6-C5A3-E158-F7B98318C5B5" containerWithKeyObject="44E3D06B-37F9-8072-D58A-9D33A40C31A3" localFKIndex="5BF96C66-178A-2938-00C2-C6E40EC3F9C8" name="SUB_TABL_FK">
<createdBy>JackD</createdBy>
<createdTime>2019-02-17 20:21:28 UTC</createdTime>
<ownerDesignName>Diseno Relacional Pinteres</ownerDesignName>
<referredTableLongName>TBL_TABLEROS</referredTableLongName>
<deleteRule>NO ACTION</deleteRule>
<referredTableID>C4D54197-94AF-948C-F1FB-CD954F85394F</referredTableID>
<keyObject>ED4CBDE1-9CDA-6041-0CE3-BD677070C33C</keyObject>
<referredKeyID>ED4CBDE1-9CDA-6041-0CE3-BD677070C33C</referredKeyID>
<mandatory>true</mandatory>
<refColNames>CODIGO_TABLERO</refColNames>
<transferable>true</transferable>
<rely>false</rely>
<columnDependencyConstraintGenerateInDDL>true</columnDependencyConstraintGenerateInDDL>
</FKIndexAssociation>